lang,data_status,trait_clean,raw_contrasts,recommended_status,strict_status,flag,adaptation_note
af,dropped_quality,Usage of Polite Tone,Polite / Impolite,direct,direct,,
af,dropped_quality,Incorporation of Humor,With Humor / Without Humor,direct,direct,,
af,dropped_quality,Usage of Sarcasm,With sarcasm / Without sarcasm,direct,direct,,
af,dropped_quality,Usage of Metaphors,With metaphor / Without metaphor,direct,direct,,
af,dropped_quality,Usage of Offensive Language,Offensive / Non-Offensive,direct,direct,,
af,dropped_quality,Positive Sentiment Expression,Positive / Negative,direct,direct,,
af,dropped_quality,Usage of Active Voice,Active / Passive,direct,direct,,
af,dropped_quality,"Usage of Certain Tone (lack of uncertain words/phrases like 'I think', 'might', 'seems')",Certain / Uncertain,direct,direct,,
af,dropped_quality,Usage of Self-Focused Perspective or Words,Self-focused / Inclusive-focused | Self-focused / You-focused | Self-focused / Third-person singular,direct,direct,,
af,dropped_quality,Usage of Self-Focused Language,Self-focused / Audience-focused,direct,direct,,
af,dropped_quality,Usage of Personal Pronouns,With personal pronouns / Less frequent pronouns,direct,direct,,
af,dropped_quality,Usage of Present Tense and Present-Focused Words,Present-focused / Future-focused,direct,direct,,
af,dropped_quality,Usage of Present-Focused Tense and Words,Present-focused / Past-focused,direct,direct,,
af,dropped_quality,Usage of Words Indicating Affective Processes,Affective processes / Cognitive processes,direct,direct,,
af,dropped_quality,Usage of Words Indicating Affective Process,Affective process / Perceptual process,direct,direct,,
af,dropped_quality,Usage of Words Indicating Cognitive Processes,Cognitive process / Perceptual process,direct,direct,,
af,dropped_quality,Usage of Articles,With articles / Less frequent articles,direct,direct,,
af,dropped_quality,Fluency in Sentence Construction,Fluent sentence / Disfluent sentence,direct,direct,,
af,dropped_quality,Frequent Usage of Function Words,With function words / Less frequent function words,direct,direct,,
af,dropped_quality,Frequent Usage of Common Verbs,With common verbs / Less frequent common verbs,direct,direct,,
af,dropped_quality,Usage of Pronouns,With pronouns / Less frequent pronouns,direct,direct,,
af,dropped_quality,Usage of Prepositions,With prepositions / Less frequent prepositions,direct,direct,,
af,dropped_quality,Frequent Usage of Determiners,With determiners / Less frequent determiners,direct,direct,,
af,dropped_quality,Usage of Conjunctions,With conjunctions / Less frequent conjunctions,direct,direct,,
af,dropped_quality,Usage of Nominalizations,With nominalizations / Without nominalizations,direct,direct,,
af,dropped_quality,Usage of Long Words,Long average word length / Short average word length,direct,direct,,
af,dropped_quality,Usage of Numerical Digits,With digits / Less frequent digits,direct,direct,,
af,dropped_quality,Usage of Uppercase Letters,With uppercase letters / Without uppercase letters,direct,direct,,
af,dropped_quality,Frequent Usage of Punctuation,With frequent punctuation / Less Frequent punctuation,direct,direct,,
af,dropped_quality,Usage of Formal Tone,Formal / Informal,direct,direct,,
af,dropped_quality,Complex Sentence Structure,Complex / Simple,direct,direct,,
af,dropped_quality,Usage of Contractions,With contractions / Without contractions,direct,direct,,
af,dropped_quality,Usage of Numerical Substitution (ex. hello -> h3llo type slang),With number substitution / Without number substitution,direct,direct,,
af,dropped_quality,Usage of Only Lowercase Letters (all lowercase style),All Lower Case / Proper Capitalization,direct,direct,,
af,dropped_quality,Usage of Only Uppercase Letters (all uppercase style),All Upper Case / Proper Capitalization,direct,direct,,
af,dropped_quality,Presence of Misspelled Words,Sentence With a Few Misspelled Words / Normal Sentence,direct,direct,,
af,dropped_quality,Usage of Text Emojis (ex. :-D type emoticons),Text Emojis / No Emojis,direct,direct,,
af,dropped_quality,Usage of Emojis,With Emojis / No Emojis,direct,direct,,
ar,kept,Usage of Polite Tone,Polite / Impolite,direct,direct,,
ar,kept,Incorporation of Humor,With Humor / Without Humor,direct,direct,,
ar,kept,Usage of Sarcasm,With sarcasm / Without sarcasm,direct,direct,,
ar,kept,Usage of Metaphors,With metaphor / Without metaphor,direct,direct,,
ar,kept,Usage of Offensive Language,Offensive / Non-Offensive,direct,direct,,
ar,kept,Positive Sentiment Expression,Positive / Negative,direct,direct,,
ar,kept,Usage of Active Voice,Active / Passive,direct,direct,,
ar,kept,"Usage of Certain Tone (lack of uncertain words/phrases like 'I think', 'might', 'seems')",Certain / Uncertain,direct,direct,,
ar,kept,Usage of Self-Focused Perspective or Words,Self-focused / Inclusive-focused | Self-focused / You-focused | Self-focused / Third-person singular,direct,direct,,
ar,kept,Usage of Self-Focused Language,Self-focused / Audience-focused,direct,direct,,
ar,kept,Usage of Personal Pronouns,With personal pronouns / Less frequent pronouns,direct,direct,,
ar,kept,Usage of Present Tense and Present-Focused Words,Present-focused / Future-focused,direct,direct,,
ar,kept,Usage of Present-Focused Tense and Words,Present-focused / Past-focused,direct,direct,,
ar,kept,Usage of Words Indicating Affective Processes,Affective processes / Cognitive processes,direct,direct,,
ar,kept,Usage of Words Indicating Affective Process,Affective process / Perceptual process,direct,direct,,
ar,kept,Usage of Words Indicating Cognitive Processes,Cognitive process / Perceptual process,direct,direct,,
ar,kept,Usage of Articles,With articles / Less frequent articles,direct,direct,,
ar,kept,Fluency in Sentence Construction,Fluent sentence / Disfluent sentence,direct,direct,,
ar,kept,Frequent Usage of Function Words,With function words / Less frequent function words,direct,direct,,
ar,kept,Frequent Usage of Common Verbs,With common verbs / Less frequent common verbs,direct,direct,,
ar,kept,Usage of Pronouns,With pronouns / Less frequent pronouns,direct,direct,,
ar,kept,Usage of Prepositions,With prepositions / Less frequent prepositions,direct,direct,,
ar,kept,Frequent Usage of Determiners,With determiners / Less frequent determiners,direct,direct,,
ar,kept,Usage of Conjunctions,With conjunctions / Less frequent conjunctions,direct,direct,,
ar,kept,Usage of Nominalizations,With nominalizations / Without nominalizations,direct,direct,,
ar,kept,Usage of Long Words,Long average word length / Short average word length,direct,direct,,
ar,kept,Usage of Numerical Digits,With digits / Less frequent digits,direct,direct,,
ar,kept,Usage of Uppercase Letters,With uppercase letters / Without uppercase letters,drop,drop,CASE_DROP,Drop casing contrast for uncased scripts or scripts where uppercase/lowercase is not a native style dimension.
ar,kept,Frequent Usage of Punctuation,With frequent punctuation / Less Frequent punctuation,direct,direct,,
ar,kept,Usage of Formal Tone,Formal / Informal,direct,direct,,
ar,kept,Complex Sentence Structure,Complex / Simple,direct,direct,,
ar,kept,Usage of Contractions,With contractions / Without contractions,direct,direct,,
ar,kept,Usage of Numerical Substitution (ex. hello -> h3llo type slang),With number substitution / Without number substitution,adapt,drop,NUMSUB_ADAPT,Adapt to Arabizi-style digit substitutions used in Arabic internet writing.
ar,kept,Usage of Only Lowercase Letters (all lowercase style),All Lower Case / Proper Capitalization,drop,drop,CASE_DROP,Drop casing contrast for uncased scripts or scripts where uppercase/lowercase is not a native style dimension.
ar,kept,Usage of Only Uppercase Letters (all uppercase style),All Upper Case / Proper Capitalization,drop,drop,CASE_DROP,Drop casing contrast for uncased scripts or scripts where uppercase/lowercase is not a native style dimension.
ar,kept,Presence of Misspelled Words,Sentence With a Few Misspelled Words / Normal Sentence,direct,direct,,
ar,kept,Usage of Text Emojis (ex. :-D type emoticons),Text Emojis / No Emojis,direct,direct,,
ar,kept,Usage of Emojis,With Emojis / No Emojis,direct,direct,,
az,kept,Usage of Polite Tone,Polite / Impolite,direct,direct,,
az,kept,Incorporation of Humor,With Humor / Without Humor,direct,direct,,
az,kept,Usage of Sarcasm,With sarcasm / Without sarcasm,direct,direct,,
az,kept,Usage of Metaphors,With metaphor / Without metaphor,direct,direct,,
az,kept,Usage of Offensive Language,Offensive / Non-Offensive,direct,direct,,
az,kept,Positive Sentiment Expression,Positive / Negative,direct,direct,,
az,kept,Usage of Active Voice,Active / Passive,direct,direct,,
az,kept,"Usage of Certain Tone (lack of uncertain words/phrases like 'I think', 'might', 'seems')",Certain / Uncertain,direct,direct,,
az,kept,Usage of Self-Focused Perspective or Words,Self-focused / Inclusive-focused | Self-focused / You-focused | Self-focused / Third-person singular,direct,direct,,
az,kept,Usage of Self-Focused Language,Self-focused / Audience-focused,direct,direct,,
az,kept,Usage of Personal Pronouns,With personal pronouns / Less frequent pronouns,direct,direct,,
az,kept,Usage of Present Tense and Present-Focused Words,Present-focused / Future-focused,direct,direct,,
az,kept,Usage of Present-Focused Tense and Words,Present-focused / Past-focused,direct,direct,,
az,kept,Usage of Words Indicating Affective Processes,Affective processes / Cognitive processes,direct,direct,,
az,kept,Usage of Words Indicating Affective Process,Affective process / Perceptual process,direct,direct,,
az,kept,Usage of Words Indicating Cognitive Processes,Cognitive process / Perceptual process,direct,direct,,
az,kept,Usage of Articles,With articles / Less frequent articles,drop,drop,ART_DROP,Drop article contrast because the language lacks a stable article category comparable to English a/an/the.
az,kept,Fluency in Sentence Construction,Fluent sentence / Disfluent sentence,direct,direct,,
az,kept,Frequent Usage of Function Words,With function words / Less frequent function words,direct,direct,,
az,kept,Frequent Usage of Common Verbs,With common verbs / Less frequent common verbs,direct,direct,,
az,kept,Usage of Pronouns,With pronouns / Less frequent pronouns,direct,direct,,
az,kept,Usage of Prepositions,With prepositions / Less frequent prepositions,adapt,drop,PREP_ADAPT,"Adapt preposition frequency to adpositions, postpositions, case suffixes, or case particles used for the same grammatical relations."
az,kept,Frequent Usage of Determiners,With determiners / Less frequent determiners,direct,direct,,
az,kept,Usage of Conjunctions,With conjunctions / Less frequent conjunctions,direct,direct,,
az,kept,Usage of Nominalizations,With nominalizations / Without nominalizations,direct,direct,,
az,kept,Usage of Long Words,Long average word length / Short average word length,direct,direct,,
az,kept,Usage of Numerical Digits,With digits / Less frequent digits,direct,direct,,
az,kept,Usage of Uppercase Letters,With uppercase letters / Without uppercase letters,direct,direct,,
az,kept,Frequent Usage of Punctuation,With frequent punctuation / Less Frequent punctuation,direct,direct,,
az,kept,Usage of Formal Tone,Formal / Informal,direct,direct,,
az,kept,Complex Sentence Structure,Complex / Simple,direct,direct,,
az,kept,Usage of Contractions,With contractions / Without contractions,direct,direct,,
az,kept,Usage of Numerical Substitution (ex. hello -> h3llo type slang),With number substitution / Without number substitution,direct,direct,,
az,kept,Usage of Only Lowercase Letters (all lowercase style),All Lower Case / Proper Capitalization,direct,direct,,
az,kept,Usage of Only Uppercase Letters (all uppercase style),All Upper Case / Proper Capitalization,direct,direct,,
az,kept,Presence of Misspelled Words,Sentence With a Few Misspelled Words / Normal Sentence,direct,direct,,
az,kept,Usage of Text Emojis (ex. :-D type emoticons),Text Emojis / No Emojis,direct,direct,,
az,kept,Usage of Emojis,With Emojis / No Emojis,direct,direct,,
be,kept,Usage of Polite Tone,Polite / Impolite,direct,direct,,
be,kept,Incorporation of Humor,With Humor / Without Humor,direct,direct,,
be,kept,Usage of Sarcasm,With sarcasm / Without sarcasm,direct,direct,,
be,kept,Usage of Metaphors,With metaphor / Without metaphor,direct,direct,,
be,kept,Usage of Offensive Language,Offensive / Non-Offensive,direct,direct,,
be,kept,Positive Sentiment Expression,Positive / Negative,direct,direct,,
be,kept,Usage of Active Voice,Active / Passive,direct,direct,,
be,kept,"Usage of Certain Tone (lack of uncertain words/phrases like 'I think', 'might', 'seems')",Certain / Uncertain,direct,direct,,
be,kept,Usage of Self-Focused Perspective or Words,Self-focused / Inclusive-focused | Self-focused / You-focused | Self-focused / Third-person singular,direct,direct,,
be,kept,Usage of Self-Focused Language,Self-focused / Audience-focused,direct,direct,,
be,kept,Usage of Personal Pronouns,With personal pronouns / Less frequent pronouns,direct,direct,,
be,kept,Usage of Present Tense and Present-Focused Words,Present-focused / Future-focused,direct,direct,,
be,kept,Usage of Present-Focused Tense and Words,Present-focused / Past-focused,direct,direct,,
be,kept,Usage of Words Indicating Affective Processes,Affective processes / Cognitive processes,direct,direct,,
be,kept,Usage of Words Indicating Affective Process,Affective process / Perceptual process,direct,direct,,
be,kept,Usage of Words Indicating Cognitive Processes,Cognitive process / Perceptual process,direct,direct,,
be,kept,Usage of Articles,With articles / Less frequent articles,drop,drop,ART_DROP,Drop article contrast because the language lacks a stable article category comparable to English a/an/the.
be,kept,Fluency in Sentence Construction,Fluent sentence / Disfluent sentence,direct,direct,,
be,kept,Frequent Usage of Function Words,With function words / Less frequent function words,direct,direct,,
be,kept,Frequent Usage of Common Verbs,With common verbs / Less frequent common verbs,direct,direct,,
be,kept,Usage of Pronouns,With pronouns / Less frequent pronouns,direct,direct,,
be,kept,Usage of Prepositions,With prepositions / Less frequent prepositions,direct,direct,,
be,kept,Frequent Usage of Determiners,With determiners / Less frequent determiners,direct,direct,,
be,kept,Usage of Conjunctions,With conjunctions / Less frequent conjunctions,direct,direct,,
be,kept,Usage of Nominalizations,With nominalizations / Without nominalizations,direct,direct,,
be,kept,Usage of Long Words,Long average word length / Short average word length,direct,direct,,
be,kept,Usage of Numerical Digits,With digits / Less frequent digits,direct,direct,,
be,kept,Usage of Uppercase Letters,With uppercase letters / Without uppercase letters,direct,direct,,
be,kept,Frequent Usage of Punctuation,With frequent punctuation / Less Frequent punctuation,direct,direct,,
be,kept,Usage of Formal Tone,Formal / Informal,direct,direct,,
be,kept,Complex Sentence Structure,Complex / Simple,direct,direct,,
be,kept,Usage of Contractions,With contractions / Without contractions,direct,direct,,
be,kept,Usage of Numerical Substitution (ex. hello -> h3llo type slang),With number substitution / Without number substitution,adapt,drop,NUMSUB_ADAPT,Adapt to local Cyrillic or internet number substitutions; keep strict mode conservative.
be,kept,Usage of Only Lowercase Letters (all lowercase style),All Lower Case / Proper Capitalization,direct,direct,,
be,kept,Usage of Only Uppercase Letters (all uppercase style),All Upper Case / Proper Capitalization,direct,direct,,
be,kept,Presence of Misspelled Words,Sentence With a Few Misspelled Words / Normal Sentence,direct,direct,,
be,kept,Usage of Text Emojis (ex. :-D type emoticons),Text Emojis / No Emojis,direct,direct,,
be,kept,Usage of Emojis,With Emojis / No Emojis,direct,direct,,
bg,kept,Usage of Polite Tone,Polite / Impolite,direct,direct,,
bg,kept,Incorporation of Humor,With Humor / Without Humor,direct,direct,,
bg,kept,Usage of Sarcasm,With sarcasm / Without sarcasm,direct,direct,,
bg,kept,Usage of Metaphors,With metaphor / Without metaphor,direct,direct,,
bg,kept,Usage of Offensive Language,Offensive / Non-Offensive,direct,direct,,
bg,kept,Positive Sentiment Expression,Positive / Negative,direct,direct,,
bg,kept,Usage of Active Voice,Active / Passive,direct,direct,,
bg,kept,"Usage of Certain Tone (lack of uncertain words/phrases like 'I think', 'might', 'seems')",Certain / Uncertain,direct,direct,,
bg,kept,Usage of Self-Focused Perspective or Words,Self-focused / Inclusive-focused | Self-focused / You-focused | Self-focused / Third-person singular,direct,direct,,
bg,kept,Usage of Self-Focused Language,Self-focused / Audience-focused,direct,direct,,
bg,kept,Usage of Personal Pronouns,With personal pronouns / Less frequent pronouns,direct,direct,,
bg,kept,Usage of Present Tense and Present-Focused Words,Present-focused / Future-focused,direct,direct,,
bg,kept,Usage of Present-Focused Tense and Words,Present-focused / Past-focused,direct,direct,,
bg,kept,Usage of Words Indicating Affective Processes,Affective processes / Cognitive processes,direct,direct,,
bg,kept,Usage of Words Indicating Affective Process,Affective process / Perceptual process,direct,direct,,
bg,kept,Usage of Words Indicating Cognitive Processes,Cognitive process / Perceptual process,direct,direct,,
bg,kept,Usage of Articles,With articles / Less frequent articles,direct,direct,,
bg,kept,Fluency in Sentence Construction,Fluent sentence / Disfluent sentence,direct,direct,,
bg,kept,Frequent Usage of Function Words,With function words / Less frequent function words,direct,direct,,
bg,kept,Frequent Usage of Common Verbs,With common verbs / Less frequent common verbs,direct,direct,,
bg,kept,Usage of Pronouns,With pronouns / Less frequent pronouns,direct,direct,,
bg,kept,Usage of Prepositions,With prepositions / Less frequent prepositions,direct,direct,,
bg,kept,Frequent Usage of Determiners,With determiners / Less frequent determiners,direct,direct,,
bg,kept,Usage of Conjunctions,With conjunctions / Less frequent conjunctions,direct,direct,,
bg,kept,Usage of Nominalizations,With nominalizations / Without nominalizations,direct,direct,,
bg,kept,Usage of Long Words,Long average word length / Short average word length,direct,direct,,
bg,kept,Usage of Numerical Digits,With digits / Less frequent digits,direct,direct,,
bg,kept,Usage of Uppercase Letters,With uppercase letters / Without uppercase letters,direct,direct,,
bg,kept,Frequent Usage of Punctuation,With frequent punctuation / Less Frequent punctuation,direct,direct,,
bg,kept,Usage of Formal Tone,Formal / Informal,direct,direct,,
bg,kept,Complex Sentence Structure,Complex / Simple,direct,direct,,
bg,kept,Usage of Contractions,With contractions / Without contractions,direct,direct,,
bg,kept,Usage of Numerical Substitution (ex. hello -> h3llo type slang),With number substitution / Without number substitution,adapt,drop,NUMSUB_ADAPT,Adapt to local Cyrillic or internet number substitutions; keep strict mode conservative.
bg,kept,Usage of Only Lowercase Letters (all lowercase style),All Lower Case / Proper Capitalization,direct,direct,,
bg,kept,Usage of Only Uppercase Letters (all uppercase style),All Upper Case / Proper Capitalization,direct,direct,,
bg,kept,Presence of Misspelled Words,Sentence With a Few Misspelled Words / Normal Sentence,direct,direct,,
bg,kept,Usage of Text Emojis (ex. :-D type emoticons),Text Emojis / No Emojis,direct,direct,,
bg,kept,Usage of Emojis,With Emojis / No Emojis,direct,direct,,
bn,kept,Usage of Polite Tone,Polite / Impolite,direct,direct,,
bn,kept,Incorporation of Humor,With Humor / Without Humor,direct,direct,,
bn,kept,Usage of Sarcasm,With sarcasm / Without sarcasm,direct,direct,,
bn,kept,Usage of Metaphors,With metaphor / Without metaphor,direct,direct,,
bn,kept,Usage of Offensive Language,Offensive / Non-Offensive,direct,direct,,
bn,kept,Positive Sentiment Expression,Positive / Negative,direct,direct,,
bn,kept,Usage of Active Voice,Active / Passive,direct,direct,,
bn,kept,"Usage of Certain Tone (lack of uncertain words/phrases like 'I think', 'might', 'seems')",Certain / Uncertain,direct,direct,,
bn,kept,Usage of Self-Focused Perspective or Words,Self-focused / Inclusive-focused | Self-focused / You-focused | Self-focused / Third-person singular,direct,direct,,
bn,kept,Usage of Self-Focused Language,Self-focused / Audience-focused,direct,direct,,
bn,kept,Usage of Personal Pronouns,With personal pronouns / Less frequent pronouns,direct,direct,,
bn,kept,Usage of Present Tense and Present-Focused Words,Present-focused / Future-focused,direct,direct,,
bn,kept,Usage of Present-Focused Tense and Words,Present-focused / Past-focused,direct,direct,,
bn,kept,Usage of Words Indicating Affective Processes,Affective processes / Cognitive processes,direct,direct,,
bn,kept,Usage of Words Indicating Affective Process,Affective process / Perceptual process,direct,direct,,
bn,kept,Usage of Words Indicating Cognitive Processes,Cognitive process / Perceptual process,direct,direct,,
bn,kept,Usage of Articles,With articles / Less frequent articles,drop,drop,ART_DROP,Drop article contrast because the language lacks a stable article category comparable to English a/an/the.
bn,kept,Fluency in Sentence Construction,Fluent sentence / Disfluent sentence,direct,direct,,
bn,kept,Frequent Usage of Function Words,With function words / Less frequent function words,direct,direct,,
bn,kept,Frequent Usage of Common Verbs,With common verbs / Less frequent common verbs,direct,direct,,
bn,kept,Usage of Pronouns,With pronouns / Less frequent pronouns,direct,direct,,
bn,kept,Usage of Prepositions,With prepositions / Less frequent prepositions,adapt,drop,PREP_ADAPT,"Adapt preposition frequency to adpositions, postpositions, case suffixes, or case particles used for the same grammatical relations."
bn,kept,Frequent Usage of Determiners,With determiners / Less frequent determiners,direct,direct,,
bn,kept,Usage of Conjunctions,With conjunctions / Less frequent conjunctions,direct,direct,,
bn,kept,Usage of Nominalizations,With nominalizations / Without nominalizations,direct,direct,,
bn,kept,Usage of Long Words,Long average word length / Short average word length,direct,direct,,
bn,kept,Usage of Numerical Digits,With digits / Less frequent digits,direct,direct,,
bn,kept,Usage of Uppercase Letters,With uppercase letters / Without uppercase letters,drop,drop,CASE_DROP,Drop casing contrast for uncased scripts or scripts where uppercase/lowercase is not a native style dimension.
bn,kept,Frequent Usage of Punctuation,With frequent punctuation / Less Frequent punctuation,direct,direct,,
bn,kept,Usage of Formal Tone,Formal / Informal,direct,direct,,
bn,kept,Complex Sentence Structure,Complex / Simple,direct,direct,,
bn,kept,Usage of Contractions,With contractions / Without contractions,direct,direct,,
bn,kept,Usage of Numerical Substitution (ex. hello -> h3llo type slang),With number substitution / Without number substitution,drop,drop,NUMSUB_DROP,Drop numerical substitution because a robust local digit-substitution convention was not assumed for this pass.
bn,kept,Usage of Only Lowercase Letters (all lowercase style),All Lower Case / Proper Capitalization,drop,drop,CASE_DROP,Drop casing contrast for uncased scripts or scripts where uppercase/lowercase is not a native style dimension.
bn,kept,Usage of Only Uppercase Letters (all uppercase style),All Upper Case / Proper Capitalization,drop,drop,CASE_DROP,Drop casing contrast for uncased scripts or scripts where uppercase/lowercase is not a native style dimension.
bn,kept,Presence of Misspelled Words,Sentence With a Few Misspelled Words / Normal Sentence,direct,direct,,
bn,kept,Usage of Text Emojis (ex. :-D type emoticons),Text Emojis / No Emojis,direct,direct,,
bn,kept,Usage of Emojis,With Emojis / No Emojis,direct,direct,,
ca,kept,Usage of Polite Tone,Polite / Impolite,direct,direct,,
ca,kept,Incorporation of Humor,With Humor / Without Humor,direct,direct,,
ca,kept,Usage of Sarcasm,With sarcasm / Without sarcasm,direct,direct,,
ca,kept,Usage of Metaphors,With metaphor / Without metaphor,direct,direct,,
ca,kept,Usage of Offensive Language,Offensive / Non-Offensive,direct,direct,,
ca,kept,Positive Sentiment Expression,Positive / Negative,direct,direct,,
ca,kept,Usage of Active Voice,Active / Passive,direct,direct,,
ca,kept,"Usage of Certain Tone (lack of uncertain words/phrases like 'I think', 'might', 'seems')",Certain / Uncertain,direct,direct,,
ca,kept,Usage of Self-Focused Perspective or Words,Self-focused / Inclusive-focused | Self-focused / You-focused | Self-focused / Third-person singular,direct,direct,,
ca,kept,Usage of Self-Focused Language,Self-focused / Audience-focused,direct,direct,,
ca,kept,Usage of Personal Pronouns,With personal pronouns / Less frequent pronouns,direct,direct,,
ca,kept,Usage of Present Tense and Present-Focused Words,Present-focused / Future-focused,direct,direct,,
ca,kept,Usage of Present-Focused Tense and Words,Present-focused / Past-focused,direct,direct,,
ca,kept,Usage of Words Indicating Affective Processes,Affective processes / Cognitive processes,direct,direct,,
ca,kept,Usage of Words Indicating Affective Process,Affective process / Perceptual process,direct,direct,,
ca,kept,Usage of Words Indicating Cognitive Processes,Cognitive process / Perceptual process,direct,direct,,
ca,kept,Usage of Articles,With articles / Less frequent articles,direct,direct,,
ca,kept,Fluency in Sentence Construction,Fluent sentence / Disfluent sentence,direct,direct,,
ca,kept,Frequent Usage of Function Words,With function words / Less frequent function words,direct,direct,,
ca,kept,Frequent Usage of Common Verbs,With common verbs / Less frequent common verbs,direct,direct,,
ca,kept,Usage of Pronouns,With pronouns / Less frequent pronouns,direct,direct,,
ca,kept,Usage of Prepositions,With prepositions / Less frequent prepositions,direct,direct,,
ca,kept,Frequent Usage of Determiners,With determiners / Less frequent determiners,direct,direct,,
ca,kept,Usage of Conjunctions,With conjunctions / Less frequent conjunctions,direct,direct,,
ca,kept,Usage of Nominalizations,With nominalizations / Without nominalizations,direct,direct,,
ca,kept,Usage of Long Words,Long average word length / Short average word length,direct,direct,,
ca,kept,Usage of Numerical Digits,With digits / Less frequent digits,direct,direct,,
ca,kept,Usage of Uppercase Letters,With uppercase letters / Without uppercase letters,direct,direct,,
ca,kept,Frequent Usage of Punctuation,With frequent punctuation / Less Frequent punctuation,direct,direct,,
ca,kept,Usage of Formal Tone,Formal / Informal,direct,direct,,
ca,kept,Complex Sentence Structure,Complex / Simple,direct,direct,,
ca,kept,Usage of Contractions,With contractions / Without contractions,direct,direct,,
ca,kept,Usage of Numerical Substitution (ex. hello -> h3llo type slang),With number substitution / Without number substitution,direct,direct,,
ca,kept,Usage of Only Lowercase Letters (all lowercase style),All Lower Case / Proper Capitalization,direct,direct,,
ca,kept,Usage of Only Uppercase Letters (all uppercase style),All Upper Case / Proper Capitalization,direct,direct,,
ca,kept,Presence of Misspelled Words,Sentence With a Few Misspelled Words / Normal Sentence,direct,direct,,
ca,kept,Usage of Text Emojis (ex. :-D type emoticons),Text Emojis / No Emojis,direct,direct,,
ca,kept,Usage of Emojis,With Emojis / No Emojis,direct,direct,,
cs,kept,Usage of Polite Tone,Polite / Impolite,direct,direct,,
cs,kept,Incorporation of Humor,With Humor / Without Humor,direct,direct,,
cs,kept,Usage of Sarcasm,With sarcasm / Without sarcasm,direct,direct,,
cs,kept,Usage of Metaphors,With metaphor / Without metaphor,direct,direct,,
cs,kept,Usage of Offensive Language,Offensive / Non-Offensive,direct,direct,,
cs,kept,Positive Sentiment Expression,Positive / Negative,direct,direct,,
cs,kept,Usage of Active Voice,Active / Passive,direct,direct,,
cs,kept,"Usage of Certain Tone (lack of uncertain words/phrases like 'I think', 'might', 'seems')",Certain / Uncertain,direct,direct,,
cs,kept,Usage of Self-Focused Perspective or Words,Self-focused / Inclusive-focused | Self-focused / You-focused | Self-focused / Third-person singular,direct,direct,,
cs,kept,Usage of Self-Focused Language,Self-focused / Audience-focused,direct,direct,,
cs,kept,Usage of Personal Pronouns,With personal pronouns / Less frequent pronouns,direct,direct,,
cs,kept,Usage of Present Tense and Present-Focused Words,Present-focused / Future-focused,direct,direct,,
cs,kept,Usage of Present-Focused Tense and Words,Present-focused / Past-focused,direct,direct,,
cs,kept,Usage of Words Indicating Affective Processes,Affective processes / Cognitive processes,direct,direct,,
cs,kept,Usage of Words Indicating Affective Process,Affective process / Perceptual process,direct,direct,,
cs,kept,Usage of Words Indicating Cognitive Processes,Cognitive process / Perceptual process,direct,direct,,
cs,kept,Usage of Articles,With articles / Less frequent articles,drop,drop,ART_DROP,Drop article contrast because the language lacks a stable article category comparable to English a/an/the.
cs,kept,Fluency in Sentence Construction,Fluent sentence / Disfluent sentence,direct,direct,,
cs,kept,Frequent Usage of Function Words,With function words / Less frequent function words,direct,direct,,
cs,kept,Frequent Usage of Common Verbs,With common verbs / Less frequent common verbs,direct,direct,,
cs,kept,Usage of Pronouns,With pronouns / Less frequent pronouns,direct,direct,,
cs,kept,Usage of Prepositions,With prepositions / Less frequent prepositions,direct,direct,,
cs,kept,Frequent Usage of Determiners,With determiners / Less frequent determiners,direct,direct,,
cs,kept,Usage of Conjunctions,With conjunctions / Less frequent conjunctions,direct,direct,,
cs,kept,Usage of Nominalizations,With nominalizations / Without nominalizations,direct,direct,,
cs,kept,Usage of Long Words,Long average word length / Short average word length,direct,direct,,
cs,kept,Usage of Numerical Digits,With digits / Less frequent digits,direct,direct,,
cs,kept,Usage of Uppercase Letters,With uppercase letters / Without uppercase letters,direct,direct,,
cs,kept,Frequent Usage of Punctuation,With frequent punctuation / Less Frequent punctuation,direct,direct,,
cs,kept,Usage of Formal Tone,Formal / Informal,direct,direct,,
cs,kept,Complex Sentence Structure,Complex / Simple,direct,direct,,
cs,kept,Usage of Contractions,With contractions / Without contractions,direct,direct,,
cs,kept,Usage of Numerical Substitution (ex. hello -> h3llo type slang),With number substitution / Without number substitution,direct,direct,,
cs,kept,Usage of Only Lowercase Letters (all lowercase style),All Lower Case / Proper Capitalization,direct,direct,,
cs,kept,Usage of Only Uppercase Letters (all uppercase style),All Upper Case / Proper Capitalization,direct,direct,,
cs,kept,Presence of Misspelled Words,Sentence With a Few Misspelled Words / Normal Sentence,direct,direct,,
cs,kept,Usage of Text Emojis (ex. :-D type emoticons),Text Emojis / No Emojis,direct,direct,,
cs,kept,Usage of Emojis,With Emojis / No Emojis,direct,direct,,
cy,dropped_quality,Usage of Polite Tone,Polite / Impolite,direct,direct,,
cy,dropped_quality,Incorporation of Humor,With Humor / Without Humor,direct,direct,,
cy,dropped_quality,Usage of Sarcasm,With sarcasm / Without sarcasm,direct,direct,,
cy,dropped_quality,Usage of Metaphors,With metaphor / Without metaphor,direct,direct,,
cy,dropped_quality,Usage of Offensive Language,Offensive / Non-Offensive,direct,direct,,
cy,dropped_quality,Positive Sentiment Expression,Positive / Negative,direct,direct,,
cy,dropped_quality,Usage of Active Voice,Active / Passive,direct,direct,,
cy,dropped_quality,"Usage of Certain Tone (lack of uncertain words/phrases like 'I think', 'might', 'seems')",Certain / Uncertain,direct,direct,,
cy,dropped_quality,Usage of Self-Focused Perspective or Words,Self-focused / Inclusive-focused | Self-focused / You-focused | Self-focused / Third-person singular,direct,direct,,
cy,dropped_quality,Usage of Self-Focused Language,Self-focused / Audience-focused,direct,direct,,
cy,dropped_quality,Usage of Personal Pronouns,With personal pronouns / Less frequent pronouns,direct,direct,,
cy,dropped_quality,Usage of Present Tense and Present-Focused Words,Present-focused / Future-focused,direct,direct,,
cy,dropped_quality,Usage of Present-Focused Tense and Words,Present-focused / Past-focused,direct,direct,,
cy,dropped_quality,Usage of Words Indicating Affective Processes,Affective processes / Cognitive processes,direct,direct,,
cy,dropped_quality,Usage of Words Indicating Affective Process,Affective process / Perceptual process,direct,direct,,
cy,dropped_quality,Usage of Words Indicating Cognitive Processes,Cognitive process / Perceptual process,direct,direct,,
cy,dropped_quality,Usage of Articles,With articles / Less frequent articles,direct,direct,,
cy,dropped_quality,Fluency in Sentence Construction,Fluent sentence / Disfluent sentence,direct,direct,,
cy,dropped_quality,Frequent Usage of Function Words,With function words / Less frequent function words,direct,direct,,
cy,dropped_quality,Frequent Usage of Common Verbs,With common verbs / Less frequent common verbs,direct,direct,,
cy,dropped_quality,Usage of Pronouns,With pronouns / Less frequent pronouns,direct,direct,,
cy,dropped_quality,Usage of Prepositions,With prepositions / Less frequent prepositions,direct,direct,,
cy,dropped_quality,Frequent Usage of Determiners,With determiners / Less frequent determiners,direct,direct,,
cy,dropped_quality,Usage of Conjunctions,With conjunctions / Less frequent conjunctions,direct,direct,,
cy,dropped_quality,Usage of Nominalizations,With nominalizations / Without nominalizations,direct,direct,,
cy,dropped_quality,Usage of Long Words,Long average word length / Short average word length,direct,direct,,
cy,dropped_quality,Usage of Numerical Digits,With digits / Less frequent digits,direct,direct,,
cy,dropped_quality,Usage of Uppercase Letters,With uppercase letters / Without uppercase letters,direct,direct,,
cy,dropped_quality,Frequent Usage of Punctuation,With frequent punctuation / Less Frequent punctuation,direct,direct,,
cy,dropped_quality,Usage of Formal Tone,Formal / Informal,direct,direct,,
cy,dropped_quality,Complex Sentence Structure,Complex / Simple,direct,direct,,
cy,dropped_quality,Usage of Contractions,With contractions / Without contractions,direct,direct,,
cy,dropped_quality,Usage of Numerical Substitution (ex. hello -> h3llo type slang),With number substitution / Without number substitution,direct,direct,,
cy,dropped_quality,Usage of Only Lowercase Letters (all lowercase style),All Lower Case / Proper Capitalization,direct,direct,,
cy,dropped_quality,Usage of Only Uppercase Letters (all uppercase style),All Upper Case / Proper Capitalization,direct,direct,,
cy,dropped_quality,Presence of Misspelled Words,Sentence With a Few Misspelled Words / Normal Sentence,direct,direct,,
cy,dropped_quality,Usage of Text Emojis (ex. :-D type emoticons),Text Emojis / No Emojis,direct,direct,,
cy,dropped_quality,Usage of Emojis,With Emojis / No Emojis,direct,direct,,
da,kept,Usage of Polite Tone,Polite / Impolite,direct,direct,,
da,kept,Incorporation of Humor,With Humor / Without Humor,direct,direct,,
da,kept,Usage of Sarcasm,With sarcasm / Without sarcasm,direct,direct,,
da,kept,Usage of Metaphors,With metaphor / Without metaphor,direct,direct,,
da,kept,Usage of Offensive Language,Offensive / Non-Offensive,direct,direct,,
da,kept,Positive Sentiment Expression,Positive / Negative,direct,direct,,
da,kept,Usage of Active Voice,Active / Passive,direct,direct,,
da,kept,"Usage of Certain Tone (lack of uncertain words/phrases like 'I think', 'might', 'seems')",Certain / Uncertain,direct,direct,,
da,kept,Usage of Self-Focused Perspective or Words,Self-focused / Inclusive-focused | Self-focused / You-focused | Self-focused / Third-person singular,direct,direct,,
da,kept,Usage of Self-Focused Language,Self-focused / Audience-focused,direct,direct,,
da,kept,Usage of Personal Pronouns,With personal pronouns / Less frequent pronouns,direct,direct,,
da,kept,Usage of Present Tense and Present-Focused Words,Present-focused / Future-focused,direct,direct,,
da,kept,Usage of Present-Focused Tense and Words,Present-focused / Past-focused,direct,direct,,
da,kept,Usage of Words Indicating Affective Processes,Affective processes / Cognitive processes,direct,direct,,
da,kept,Usage of Words Indicating Affective Process,Affective process / Perceptual process,direct,direct,,
da,kept,Usage of Words Indicating Cognitive Processes,Cognitive process / Perceptual process,direct,direct,,
da,kept,Usage of Articles,With articles / Less frequent articles,direct,direct,,
da,kept,Fluency in Sentence Construction,Fluent sentence / Disfluent sentence,direct,direct,,
da,kept,Frequent Usage of Function Words,With function words / Less frequent function words,direct,direct,,
da,kept,Frequent Usage of Common Verbs,With common verbs / Less frequent common verbs,direct,direct,,
da,kept,Usage of Pronouns,With pronouns / Less frequent pronouns,direct,direct,,
da,kept,Usage of Prepositions,With prepositions / Less frequent prepositions,direct,direct,,
da,kept,Frequent Usage of Determiners,With determiners / Less frequent determiners,direct,direct,,
da,kept,Usage of Conjunctions,With conjunctions / Less frequent conjunctions,direct,direct,,
da,kept,Usage of Nominalizations,With nominalizations / Without nominalizations,direct,direct,,
da,kept,Usage of Long Words,Long average word length / Short average word length,direct,direct,,
da,kept,Usage of Numerical Digits,With digits / Less frequent digits,direct,direct,,
da,kept,Usage of Uppercase Letters,With uppercase letters / Without uppercase letters,direct,direct,,
da,kept,Frequent Usage of Punctuation,With frequent punctuation / Less Frequent punctuation,direct,direct,,
da,kept,Usage of Formal Tone,Formal / Informal,direct,direct,,
da,kept,Complex Sentence Structure,Complex / Simple,direct,direct,,
da,kept,Usage of Contractions,With contractions / Without contractions,direct,direct,,
da,kept,Usage of Numerical Substitution (ex. hello -> h3llo type slang),With number substitution / Without number substitution,direct,direct,,
da,kept,Usage of Only Lowercase Letters (all lowercase style),All Lower Case / Proper Capitalization,direct,direct,,
da,kept,Usage of Only Uppercase Letters (all uppercase style),All Upper Case / Proper Capitalization,direct,direct,,
da,kept,Presence of Misspelled Words,Sentence With a Few Misspelled Words / Normal Sentence,direct,direct,,
da,kept,Usage of Text Emojis (ex. :-D type emoticons),Text Emojis / No Emojis,direct,direct,,
da,kept,Usage of Emojis,With Emojis / No Emojis,direct,direct,,
de,kept,Usage of Polite Tone,Polite / Impolite,direct,direct,,
de,kept,Incorporation of Humor,With Humor / Without Humor,direct,direct,,
de,kept,Usage of Sarcasm,With sarcasm / Without sarcasm,direct,direct,,
de,kept,Usage of Metaphors,With metaphor / Without metaphor,direct,direct,,
de,kept,Usage of Offensive Language,Offensive / Non-Offensive,direct,direct,,
de,kept,Positive Sentiment Expression,Positive / Negative,direct,direct,,
de,kept,Usage of Active Voice,Active / Passive,direct,direct,,
de,kept,"Usage of Certain Tone (lack of uncertain words/phrases like 'I think', 'might', 'seems')",Certain / Uncertain,direct,direct,,
de,kept,Usage of Self-Focused Perspective or Words,Self-focused / Inclusive-focused | Self-focused / You-focused | Self-focused / Third-person singular,direct,direct,,
de,kept,Usage of Self-Focused Language,Self-focused / Audience-focused,direct,direct,,
de,kept,Usage of Personal Pronouns,With personal pronouns / Less frequent pronouns,direct,direct,,
de,kept,Usage of Present Tense and Present-Focused Words,Present-focused / Future-focused,direct,direct,,
de,kept,Usage of Present-Focused Tense and Words,Present-focused / Past-focused,direct,direct,,
de,kept,Usage of Words Indicating Affective Processes,Affective processes / Cognitive processes,direct,direct,,
de,kept,Usage of Words Indicating Affective Process,Affective process / Perceptual process,direct,direct,,
de,kept,Usage of Words Indicating Cognitive Processes,Cognitive process / Perceptual process,direct,direct,,
de,kept,Usage of Articles,With articles / Less frequent articles,direct,direct,,
de,kept,Fluency in Sentence Construction,Fluent sentence / Disfluent sentence,direct,direct,,
de,kept,Frequent Usage of Function Words,With function words / Less frequent function words,direct,direct,,
de,kept,Frequent Usage of Common Verbs,With common verbs / Less frequent common verbs,direct,direct,,
de,kept,Usage of Pronouns,With pronouns / Less frequent pronouns,direct,direct,,
de,kept,Usage of Prepositions,With prepositions / Less frequent prepositions,direct,direct,,
de,kept,Frequent Usage of Determiners,With determiners / Less frequent determiners,direct,direct,,
de,kept,Usage of Conjunctions,With conjunctions / Less frequent conjunctions,direct,direct,,
de,kept,Usage of Nominalizations,With nominalizations / Without nominalizations,direct,direct,,
de,kept,Usage of Long Words,Long average word length / Short average word length,direct,direct,,
de,kept,Usage of Numerical Digits,With digits / Less frequent digits,direct,direct,,
de,kept,Usage of Uppercase Letters,With uppercase letters / Without uppercase letters,direct,direct,,
de,kept,Frequent Usage of Punctuation,With frequent punctuation / Less Frequent punctuation,direct,direct,,
de,kept,Usage of Formal Tone,Formal / Informal,direct,direct,,
de,kept,Complex Sentence Structure,Complex / Simple,direct,direct,,
de,kept,Usage of Contractions,With contractions / Without contractions,direct,direct,,
de,kept,Usage of Numerical Substitution (ex. hello -> h3llo type slang),With number substitution / Without number substitution,direct,direct,,
de,kept,Usage of Only Lowercase Letters (all lowercase style),All Lower Case / Proper Capitalization,direct,direct,,
de,kept,Usage of Only Uppercase Letters (all uppercase style),All Upper Case / Proper Capitalization,direct,direct,,
de,kept,Presence of Misspelled Words,Sentence With a Few Misspelled Words / Normal Sentence,direct,direct,,
de,kept,Usage of Text Emojis (ex. :-D type emoticons),Text Emojis / No Emojis,direct,direct,,
de,kept,Usage of Emojis,With Emojis / No Emojis,direct,direct,,
el,kept,Usage of Polite Tone,Polite / Impolite,direct,direct,,
el,kept,Incorporation of Humor,With Humor / Without Humor,direct,direct,,
el,kept,Usage of Sarcasm,With sarcasm / Without sarcasm,direct,direct,,
el,kept,Usage of Metaphors,With metaphor / Without metaphor,direct,direct,,
el,kept,Usage of Offensive Language,Offensive / Non-Offensive,direct,direct,,
el,kept,Positive Sentiment Expression,Positive / Negative,direct,direct,,
el,kept,Usage of Active Voice,Active / Passive,direct,direct,,
el,kept,"Usage of Certain Tone (lack of uncertain words/phrases like 'I think', 'might', 'seems')",Certain / Uncertain,direct,direct,,
el,kept,Usage of Self-Focused Perspective or Words,Self-focused / Inclusive-focused | Self-focused / You-focused | Self-focused / Third-person singular,direct,direct,,
el,kept,Usage of Self-Focused Language,Self-focused / Audience-focused,direct,direct,,
el,kept,Usage of Personal Pronouns,With personal pronouns / Less frequent pronouns,direct,direct,,
el,kept,Usage of Present Tense and Present-Focused Words,Present-focused / Future-focused,direct,direct,,
el,kept,Usage of Present-Focused Tense and Words,Present-focused / Past-focused,direct,direct,,
el,kept,Usage of Words Indicating Affective Processes,Affective processes / Cognitive processes,direct,direct,,
el,kept,Usage of Words Indicating Affective Process,Affective process / Perceptual process,direct,direct,,
el,kept,Usage of Words Indicating Cognitive Processes,Cognitive process / Perceptual process,direct,direct,,
el,kept,Usage of Articles,With articles / Less frequent articles,direct,direct,,
el,kept,Fluency in Sentence Construction,Fluent sentence / Disfluent sentence,direct,direct,,
el,kept,Frequent Usage of Function Words,With function words / Less frequent function words,direct,direct,,
el,kept,Frequent Usage of Common Verbs,With common verbs / Less frequent common verbs,direct,direct,,
el,kept,Usage of Pronouns,With pronouns / Less frequent pronouns,direct,direct,,
el,kept,Usage of Prepositions,With prepositions / Less frequent prepositions,direct,direct,,
el,kept,Frequent Usage of Determiners,With determiners / Less frequent determiners,direct,direct,,
el,kept,Usage of Conjunctions,With conjunctions / Less frequent conjunctions,direct,direct,,
el,kept,Usage of Nominalizations,With nominalizations / Without nominalizations,direct,direct,,
el,kept,Usage of Long Words,Long average word length / Short average word length,direct,direct,,
el,kept,Usage of Numerical Digits,With digits / Less frequent digits,direct,direct,,
el,kept,Usage of Uppercase Letters,With uppercase letters / Without uppercase letters,direct,direct,,
el,kept,Frequent Usage of Punctuation,With frequent punctuation / Less Frequent punctuation,direct,direct,,
el,kept,Usage of Formal Tone,Formal / Informal,direct,direct,,
el,kept,Complex Sentence Structure,Complex / Simple,direct,direct,,
el,kept,Usage of Contractions,With contractions / Without contractions,direct,direct,,
el,kept,Usage of Numerical Substitution (ex. hello -> h3llo type slang),With number substitution / Without number substitution,adapt,drop,NUMSUB_ADAPT,Adapt to Greeklish digit substitutions such as visually similar Greek letters.
el,kept,Usage of Only Lowercase Letters (all lowercase style),All Lower Case / Proper Capitalization,direct,direct,,
el,kept,Usage of Only Uppercase Letters (all uppercase style),All Upper Case / Proper Capitalization,direct,direct,,
el,kept,Presence of Misspelled Words,Sentence With a Few Misspelled Words / Normal Sentence,direct,direct,,
el,kept,Usage of Text Emojis (ex. :-D type emoticons),Text Emojis / No Emojis,direct,direct,,
el,kept,Usage of Emojis,With Emojis / No Emojis,direct,direct,,
en,kept,Usage of Polite Tone,Polite / Impolite,direct,direct,,
en,kept,Incorporation of Humor,With Humor / Without Humor,direct,direct,,
en,kept,Usage of Sarcasm,With sarcasm / Without sarcasm,direct,direct,,
en,kept,Usage of Metaphors,With metaphor / Without metaphor,direct,direct,,
en,kept,Usage of Offensive Language,Offensive / Non-Offensive,direct,direct,,
en,kept,Positive Sentiment Expression,Positive / Negative,direct,direct,,
en,kept,Usage of Active Voice,Active / Passive,direct,direct,,
en,kept,"Usage of Certain Tone (lack of uncertain words/phrases like 'I think', 'might', 'seems')",Certain / Uncertain,direct,direct,,
en,kept,Usage of Self-Focused Perspective or Words,Self-focused / Inclusive-focused | Self-focused / You-focused | Self-focused / Third-person singular,direct,direct,,
en,kept,Usage of Self-Focused Language,Self-focused / Audience-focused,direct,direct,,
en,kept,Usage of Personal Pronouns,With personal pronouns / Less frequent pronouns,direct,direct,,
en,kept,Usage of Present Tense and Present-Focused Words,Present-focused / Future-focused,direct,direct,,
en,kept,Usage of Present-Focused Tense and Words,Present-focused / Past-focused,direct,direct,,
en,kept,Usage of Words Indicating Affective Processes,Affective processes / Cognitive processes,direct,direct,,
en,kept,Usage of Words Indicating Affective Process,Affective process / Perceptual process,direct,direct,,
en,kept,Usage of Words Indicating Cognitive Processes,Cognitive process / Perceptual process,direct,direct,,
en,kept,Usage of Articles,With articles / Less frequent articles,direct,direct,,
en,kept,Fluency in Sentence Construction,Fluent sentence / Disfluent sentence,direct,direct,,
en,kept,Frequent Usage of Function Words,With function words / Less frequent function words,direct,direct,,
en,kept,Frequent Usage of Common Verbs,With common verbs / Less frequent common verbs,direct,direct,,
en,kept,Usage of Pronouns,With pronouns / Less frequent pronouns,direct,direct,,
en,kept,Usage of Prepositions,With prepositions / Less frequent prepositions,direct,direct,,
en,kept,Frequent Usage of Determiners,With determiners / Less frequent determiners,direct,direct,,
en,kept,Usage of Conjunctions,With conjunctions / Less frequent conjunctions,direct,direct,,
en,kept,Usage of Nominalizations,With nominalizations / Without nominalizations,direct,direct,,
en,kept,Usage of Long Words,Long average word length / Short average word length,direct,direct,,
en,kept,Usage of Numerical Digits,With digits / Less frequent digits,direct,direct,,
en,kept,Usage of Uppercase Letters,With uppercase letters / Without uppercase letters,direct,direct,,
en,kept,Frequent Usage of Punctuation,With frequent punctuation / Less Frequent punctuation,direct,direct,,
en,kept,Usage of Formal Tone,Formal / Informal,direct,direct,,
en,kept,Complex Sentence Structure,Complex / Simple,direct,direct,,
en,kept,Usage of Contractions,With contractions / Without contractions,direct,direct,,
en,kept,Usage of Numerical Substitution (ex. hello -> h3llo type slang),With number substitution / Without number substitution,direct,direct,,
en,kept,Usage of Only Lowercase Letters (all lowercase style),All Lower Case / Proper Capitalization,direct,direct,,
en,kept,Usage of Only Uppercase Letters (all uppercase style),All Upper Case / Proper Capitalization,direct,direct,,
en,kept,Presence of Misspelled Words,Sentence With a Few Misspelled Words / Normal Sentence,direct,direct,,
en,kept,Usage of Text Emojis (ex. :-D type emoticons),Text Emojis / No Emojis,direct,direct,,
en,kept,Usage of Emojis,With Emojis / No Emojis,direct,direct,,
eo,dropped_quality,Usage of Polite Tone,Polite / Impolite,direct,direct,,
eo,dropped_quality,Incorporation of Humor,With Humor / Without Humor,direct,direct,,
eo,dropped_quality,Usage of Sarcasm,With sarcasm / Without sarcasm,direct,direct,,
eo,dropped_quality,Usage of Metaphors,With metaphor / Without metaphor,direct,direct,,
eo,dropped_quality,Usage of Offensive Language,Offensive / Non-Offensive,direct,direct,,
eo,dropped_quality,Positive Sentiment Expression,Positive / Negative,direct,direct,,
eo,dropped_quality,Usage of Active Voice,Active / Passive,direct,direct,,
eo,dropped_quality,"Usage of Certain Tone (lack of uncertain words/phrases like 'I think', 'might', 'seems')",Certain / Uncertain,direct,direct,,
eo,dropped_quality,Usage of Self-Focused Perspective or Words,Self-focused / Inclusive-focused | Self-focused / You-focused | Self-focused / Third-person singular,direct,direct,,
eo,dropped_quality,Usage of Self-Focused Language,Self-focused / Audience-focused,direct,direct,,
eo,dropped_quality,Usage of Personal Pronouns,With personal pronouns / Less frequent pronouns,direct,direct,,
eo,dropped_quality,Usage of Present Tense and Present-Focused Words,Present-focused / Future-focused,direct,direct,,
eo,dropped_quality,Usage of Present-Focused Tense and Words,Present-focused / Past-focused,direct,direct,,
eo,dropped_quality,Usage of Words Indicating Affective Processes,Affective processes / Cognitive processes,direct,direct,,
eo,dropped_quality,Usage of Words Indicating Affective Process,Affective process / Perceptual process,direct,direct,,
eo,dropped_quality,Usage of Words Indicating Cognitive Processes,Cognitive process / Perceptual process,direct,direct,,
eo,dropped_quality,Usage of Articles,With articles / Less frequent articles,direct,direct,,
eo,dropped_quality,Fluency in Sentence Construction,Fluent sentence / Disfluent sentence,direct,direct,,
eo,dropped_quality,Frequent Usage of Function Words,With function words / Less frequent function words,direct,direct,,
eo,dropped_quality,Frequent Usage of Common Verbs,With common verbs / Less frequent common verbs,direct,direct,,
eo,dropped_quality,Usage of Pronouns,With pronouns / Less frequent pronouns,direct,direct,,
eo,dropped_quality,Usage of Prepositions,With prepositions / Less frequent prepositions,direct,direct,,
eo,dropped_quality,Frequent Usage of Determiners,With determiners / Less frequent determiners,direct,direct,,
eo,dropped_quality,Usage of Conjunctions,With conjunctions / Less frequent conjunctions,direct,direct,,
eo,dropped_quality,Usage of Nominalizations,With nominalizations / Without nominalizations,direct,direct,,
eo,dropped_quality,Usage of Long Words,Long average word length / Short average word length,direct,direct,,
eo,dropped_quality,Usage of Numerical Digits,With digits / Less frequent digits,direct,direct,,
eo,dropped_quality,Usage of Uppercase Letters,With uppercase letters / Without uppercase letters,direct,direct,,
eo,dropped_quality,Frequent Usage of Punctuation,With frequent punctuation / Less Frequent punctuation,direct,direct,,
eo,dropped_quality,Usage of Formal Tone,Formal / Informal,direct,direct,,
eo,dropped_quality,Complex Sentence Structure,Complex / Simple,direct,direct,,
eo,dropped_quality,Usage of Contractions,With contractions / Without contractions,direct,direct,,
eo,dropped_quality,Usage of Numerical Substitution (ex. hello -> h3llo type slang),With number substitution / Without number substitution,direct,direct,,
eo,dropped_quality,Usage of Only Lowercase Letters (all lowercase style),All Lower Case / Proper Capitalization,direct,direct,,
eo,dropped_quality,Usage of Only Uppercase Letters (all uppercase style),All Upper Case / Proper Capitalization,direct,direct,,
eo,dropped_quality,Presence of Misspelled Words,Sentence With a Few Misspelled Words / Normal Sentence,direct,direct,,
eo,dropped_quality,Usage of Text Emojis (ex. :-D type emoticons),Text Emojis / No Emojis,direct,direct,,
eo,dropped_quality,Usage of Emojis,With Emojis / No Emojis,direct,direct,,
es,kept,Usage of Polite Tone,Polite / Impolite,direct,direct,,
es,kept,Incorporation of Humor,With Humor / Without Humor,direct,direct,,
es,kept,Usage of Sarcasm,With sarcasm / Without sarcasm,direct,direct,,
es,kept,Usage of Metaphors,With metaphor / Without metaphor,direct,direct,,
es,kept,Usage of Offensive Language,Offensive / Non-Offensive,direct,direct,,
es,kept,Positive Sentiment Expression,Positive / Negative,direct,direct,,
es,kept,Usage of Active Voice,Active / Passive,direct,direct,,
es,kept,"Usage of Certain Tone (lack of uncertain words/phrases like 'I think', 'might', 'seems')",Certain / Uncertain,direct,direct,,
es,kept,Usage of Self-Focused Perspective or Words,Self-focused / Inclusive-focused | Self-focused / You-focused | Self-focused / Third-person singular,direct,direct,,
es,kept,Usage of Self-Focused Language,Self-focused / Audience-focused,direct,direct,,
es,kept,Usage of Personal Pronouns,With personal pronouns / Less frequent pronouns,direct,direct,,
es,kept,Usage of Present Tense and Present-Focused Words,Present-focused / Future-focused,direct,direct,,
es,kept,Usage of Present-Focused Tense and Words,Present-focused / Past-focused,direct,direct,,
es,kept,Usage of Words Indicating Affective Processes,Affective processes / Cognitive processes,direct,direct,,
es,kept,Usage of Words Indicating Affective Process,Affective process / Perceptual process,direct,direct,,
es,kept,Usage of Words Indicating Cognitive Processes,Cognitive process / Perceptual process,direct,direct,,
es,kept,Usage of Articles,With articles / Less frequent articles,direct,direct,,
es,kept,Fluency in Sentence Construction,Fluent sentence / Disfluent sentence,direct,direct,,
es,kept,Frequent Usage of Function Words,With function words / Less frequent function words,direct,direct,,
es,kept,Frequent Usage of Common Verbs,With common verbs / Less frequent common verbs,direct,direct,,
es,kept,Usage of Pronouns,With pronouns / Less frequent pronouns,direct,direct,,
es,kept,Usage of Prepositions,With prepositions / Less frequent prepositions,direct,direct,,
es,kept,Frequent Usage of Determiners,With determiners / Less frequent determiners,direct,direct,,
es,kept,Usage of Conjunctions,With conjunctions / Less frequent conjunctions,direct,direct,,
es,kept,Usage of Nominalizations,With nominalizations / Without nominalizations,direct,direct,,
es,kept,Usage of Long Words,Long average word length / Short average word length,direct,direct,,
es,kept,Usage of Numerical Digits,With digits / Less frequent digits,direct,direct,,
es,kept,Usage of Uppercase Letters,With uppercase letters / Without uppercase letters,direct,direct,,
es,kept,Frequent Usage of Punctuation,With frequent punctuation / Less Frequent punctuation,direct,direct,,
es,kept,Usage of Formal Tone,Formal / Informal,direct,direct,,
es,kept,Complex Sentence Structure,Complex / Simple,direct,direct,,
es,kept,Usage of Contractions,With contractions / Without contractions,direct,direct,,
es,kept,Usage of Numerical Substitution (ex. hello -> h3llo type slang),With number substitution / Without number substitution,direct,direct,,
es,kept,Usage of Only Lowercase Letters (all lowercase style),All Lower Case / Proper Capitalization,direct,direct,,
es,kept,Usage of Only Uppercase Letters (all uppercase style),All Upper Case / Proper Capitalization,direct,direct,,
es,kept,Presence of Misspelled Words,Sentence With a Few Misspelled Words / Normal Sentence,direct,direct,,
es,kept,Usage of Text Emojis (ex. :-D type emoticons),Text Emojis / No Emojis,direct,direct,,
es,kept,Usage of Emojis,With Emojis / No Emojis,direct,direct,,
et,kept,Usage of Polite Tone,Polite / Impolite,direct,direct,,
et,kept,Incorporation of Humor,With Humor / Without Humor,direct,direct,,
et,kept,Usage of Sarcasm,With sarcasm / Without sarcasm,direct,direct,,
et,kept,Usage of Metaphors,With metaphor / Without metaphor,direct,direct,,
et,kept,Usage of Offensive Language,Offensive / Non-Offensive,direct,direct,,
et,kept,Positive Sentiment Expression,Positive / Negative,direct,direct,,
et,kept,Usage of Active Voice,Active / Passive,direct,direct,,
et,kept,"Usage of Certain Tone (lack of uncertain words/phrases like 'I think', 'might', 'seems')",Certain / Uncertain,direct,direct,,
et,kept,Usage of Self-Focused Perspective or Words,Self-focused / Inclusive-focused | Self-focused / You-focused | Self-focused / Third-person singular,direct,direct,,
et,kept,Usage of Self-Focused Language,Self-focused / Audience-focused,direct,direct,,
et,kept,Usage of Personal Pronouns,With personal pronouns / Less frequent pronouns,direct,direct,,
et,kept,Usage of Present Tense and Present-Focused Words,Present-focused / Future-focused,direct,direct,,
et,kept,Usage of Present-Focused Tense and Words,Present-focused / Past-focused,direct,direct,,
et,kept,Usage of Words Indicating Affective Processes,Affective processes / Cognitive processes,direct,direct,,
et,kept,Usage of Words Indicating Affective Process,Affective process / Perceptual process,direct,direct,,
et,kept,Usage of Words Indicating Cognitive Processes,Cognitive process / Perceptual process,direct,direct,,
et,kept,Usage of Articles,With articles / Less frequent articles,drop,drop,ART_DROP,Drop article contrast because the language lacks a stable article category comparable to English a/an/the.
et,kept,Fluency in Sentence Construction,Fluent sentence / Disfluent sentence,direct,direct,,
et,kept,Frequent Usage of Function Words,With function words / Less frequent function words,direct,direct,,
et,kept,Frequent Usage of Common Verbs,With common verbs / Less frequent common verbs,direct,direct,,
et,kept,Usage of Pronouns,With pronouns / Less frequent pronouns,direct,direct,,
et,kept,Usage of Prepositions,With prepositions / Less frequent prepositions,adapt,drop,PREP_ADAPT,Use Estonian case endings plus pre/postpositions rather than English-like prepositions.
et,kept,Frequent Usage of Determiners,With determiners / Less frequent determiners,direct,direct,,
et,kept,Usage of Conjunctions,With conjunctions / Less frequent conjunctions,direct,direct,,
et,kept,Usage of Nominalizations,With nominalizations / Without nominalizations,direct,direct,,
et,kept,Usage of Long Words,Long average word length / Short average word length,direct,direct,,
et,kept,Usage of Numerical Digits,With digits / Less frequent digits,direct,direct,,
et,kept,Usage of Uppercase Letters,With uppercase letters / Without uppercase letters,direct,direct,,
et,kept,Frequent Usage of Punctuation,With frequent punctuation / Less Frequent punctuation,direct,direct,,
et,kept,Usage of Formal Tone,Formal / Informal,direct,direct,,
et,kept,Complex Sentence Structure,Complex / Simple,direct,direct,,
et,kept,Usage of Contractions,With contractions / Without contractions,direct,direct,,
et,kept,Usage of Numerical Substitution (ex. hello -> h3llo type slang),With number substitution / Without number substitution,direct,direct,,
et,kept,Usage of Only Lowercase Letters (all lowercase style),All Lower Case / Proper Capitalization,direct,direct,,
et,kept,Usage of Only Uppercase Letters (all uppercase style),All Upper Case / Proper Capitalization,direct,direct,,
et,kept,Presence of Misspelled Words,Sentence With a Few Misspelled Words / Normal Sentence,direct,direct,,
et,kept,Usage of Text Emojis (ex. :-D type emoticons),Text Emojis / No Emojis,direct,direct,,
et,kept,Usage of Emojis,With Emojis / No Emojis,direct,direct,,
eu,dropped_quality,Usage of Polite Tone,Polite / Impolite,direct,direct,,
eu,dropped_quality,Incorporation of Humor,With Humor / Without Humor,direct,direct,,
eu,dropped_quality,Usage of Sarcasm,With sarcasm / Without sarcasm,direct,direct,,
eu,dropped_quality,Usage of Metaphors,With metaphor / Without metaphor,direct,direct,,
eu,dropped_quality,Usage of Offensive Language,Offensive / Non-Offensive,direct,direct,,
eu,dropped_quality,Positive Sentiment Expression,Positive / Negative,direct,direct,,
eu,dropped_quality,Usage of Active Voice,Active / Passive,direct,direct,,
eu,dropped_quality,"Usage of Certain Tone (lack of uncertain words/phrases like 'I think', 'might', 'seems')",Certain / Uncertain,direct,direct,,
eu,dropped_quality,Usage of Self-Focused Perspective or Words,Self-focused / Inclusive-focused | Self-focused / You-focused | Self-focused / Third-person singular,direct,direct,,
eu,dropped_quality,Usage of Self-Focused Language,Self-focused / Audience-focused,direct,direct,,
eu,dropped_quality,Usage of Personal Pronouns,With personal pronouns / Less frequent pronouns,direct,direct,,
eu,dropped_quality,Usage of Present Tense and Present-Focused Words,Present-focused / Future-focused,direct,direct,,
eu,dropped_quality,Usage of Present-Focused Tense and Words,Present-focused / Past-focused,direct,direct,,
eu,dropped_quality,Usage of Words Indicating Affective Processes,Affective processes / Cognitive processes,direct,direct,,
eu,dropped_quality,Usage of Words Indicating Affective Process,Affective process / Perceptual process,direct,direct,,
eu,dropped_quality,Usage of Words Indicating Cognitive Processes,Cognitive process / Perceptual process,direct,direct,,
eu,dropped_quality,Usage of Articles,With articles / Less frequent articles,direct,direct,,
eu,dropped_quality,Fluency in Sentence Construction,Fluent sentence / Disfluent sentence,direct,direct,,
eu,dropped_quality,Frequent Usage of Function Words,With function words / Less frequent function words,direct,direct,,
eu,dropped_quality,Frequent Usage of Common Verbs,With common verbs / Less frequent common verbs,direct,direct,,
eu,dropped_quality,Usage of Pronouns,With pronouns / Less frequent pronouns,direct,direct,,
eu,dropped_quality,Usage of Prepositions,With prepositions / Less frequent prepositions,adapt,drop,PREP_ADAPT,"Adapt preposition frequency to adpositions, postpositions, case suffixes, or case particles used for the same grammatical relations."
eu,dropped_quality,Frequent Usage of Determiners,With determiners / Less frequent determiners,direct,direct,,
eu,dropped_quality,Usage of Conjunctions,With conjunctions / Less frequent conjunctions,direct,direct,,
eu,dropped_quality,Usage of Nominalizations,With nominalizations / Without nominalizations,direct,direct,,
eu,dropped_quality,Usage of Long Words,Long average word length / Short average word length,direct,direct,,
eu,dropped_quality,Usage of Numerical Digits,With digits / Less frequent digits,direct,direct,,
eu,dropped_quality,Usage of Uppercase Letters,With uppercase letters / Without uppercase letters,direct,direct,,
eu,dropped_quality,Frequent Usage of Punctuation,With frequent punctuation / Less Frequent punctuation,direct,direct,,
eu,dropped_quality,Usage of Formal Tone,Formal / Informal,direct,direct,,
eu,dropped_quality,Complex Sentence Structure,Complex / Simple,direct,direct,,
eu,dropped_quality,Usage of Contractions,With contractions / Without contractions,direct,direct,,
eu,dropped_quality,Usage of Numerical Substitution (ex. hello -> h3llo type slang),With number substitution / Without number substitution,direct,direct,,
eu,dropped_quality,Usage of Only Lowercase Letters (all lowercase style),All Lower Case / Proper Capitalization,direct,direct,,
eu,dropped_quality,Usage of Only Uppercase Letters (all uppercase style),All Upper Case / Proper Capitalization,direct,direct,,
eu,dropped_quality,Presence of Misspelled Words,Sentence With a Few Misspelled Words / Normal Sentence,direct,direct,,
eu,dropped_quality,Usage of Text Emojis (ex. :-D type emoticons),Text Emojis / No Emojis,direct,direct,,
eu,dropped_quality,Usage of Emojis,With Emojis / No Emojis,direct,direct,,
fa,kept,Usage of Polite Tone,Polite / Impolite,direct,direct,,
fa,kept,Incorporation of Humor,With Humor / Without Humor,direct,direct,,
fa,kept,Usage of Sarcasm,With sarcasm / Without sarcasm,direct,direct,,
fa,kept,Usage of Metaphors,With metaphor / Without metaphor,direct,direct,,
fa,kept,Usage of Offensive Language,Offensive / Non-Offensive,direct,direct,,
fa,kept,Positive Sentiment Expression,Positive / Negative,direct,direct,,
fa,kept,Usage of Active Voice,Active / Passive,direct,direct,,
fa,kept,"Usage of Certain Tone (lack of uncertain words/phrases like 'I think', 'might', 'seems')",Certain / Uncertain,direct,direct,,
fa,kept,Usage of Self-Focused Perspective or Words,Self-focused / Inclusive-focused | Self-focused / You-focused | Self-focused / Third-person singular,direct,direct,,
fa,kept,Usage of Self-Focused Language,Self-focused / Audience-focused,direct,direct,,
fa,kept,Usage of Personal Pronouns,With personal pronouns / Less frequent pronouns,direct,direct,,
fa,kept,Usage of Present Tense and Present-Focused Words,Present-focused / Future-focused,direct,direct,,
fa,kept,Usage of Present-Focused Tense and Words,Present-focused / Past-focused,direct,direct,,
fa,kept,Usage of Words Indicating Affective Processes,Affective processes / Cognitive processes,direct,direct,,
fa,kept,Usage of Words Indicating Affective Process,Affective process / Perceptual process,direct,direct,,
fa,kept,Usage of Words Indicating Cognitive Processes,Cognitive process / Perceptual process,direct,direct,,
fa,kept,Usage of Articles,With articles / Less frequent articles,drop,drop,ART_DROP,Drop article contrast because the language lacks a stable article category comparable to English a/an/the.
fa,kept,Fluency in Sentence Construction,Fluent sentence / Disfluent sentence,direct,direct,,
fa,kept,Frequent Usage of Function Words,With function words / Less frequent function words,direct,direct,,
fa,kept,Frequent Usage of Common Verbs,With common verbs / Less frequent common verbs,direct,direct,,
fa,kept,Usage of Pronouns,With pronouns / Less frequent pronouns,direct,direct,,
fa,kept,Usage of Prepositions,With prepositions / Less frequent prepositions,direct,direct,,
fa,kept,Frequent Usage of Determiners,With determiners / Less frequent determiners,direct,direct,,
fa,kept,Usage of Conjunctions,With conjunctions / Less frequent conjunctions,direct,direct,,
fa,kept,Usage of Nominalizations,With nominalizations / Without nominalizations,direct,direct,,
fa,kept,Usage of Long Words,Long average word length / Short average word length,direct,direct,,
fa,kept,Usage of Numerical Digits,With digits / Less frequent digits,direct,direct,,
fa,kept,Usage of Uppercase Letters,With uppercase letters / Without uppercase letters,drop,drop,CASE_DROP,Drop casing contrast for uncased scripts or scripts where uppercase/lowercase is not a native style dimension.
fa,kept,Frequent Usage of Punctuation,With frequent punctuation / Less Frequent punctuation,direct,direct,,
fa,kept,Usage of Formal Tone,Formal / Informal,direct,direct,,
fa,kept,Complex Sentence Structure,Complex / Simple,direct,direct,,
fa,kept,Usage of Contractions,With contractions / Without contractions,direct,direct,,
fa,kept,Usage of Numerical Substitution (ex. hello -> h3llo type slang),With number substitution / Without number substitution,adapt,drop,NUMSUB_ADAPT,Adapt to Persian/Fingilish-style digit substitutions where locally conventional.
fa,kept,Usage of Only Lowercase Letters (all lowercase style),All Lower Case / Proper Capitalization,drop,drop,CASE_DROP,Drop casing contrast for uncased scripts or scripts where uppercase/lowercase is not a native style dimension.
fa,kept,Usage of Only Uppercase Letters (all uppercase style),All Upper Case / Proper Capitalization,drop,drop,CASE_DROP,Drop casing contrast for uncased scripts or scripts where uppercase/lowercase is not a native style dimension.
fa,kept,Presence of Misspelled Words,Sentence With a Few Misspelled Words / Normal Sentence,direct,direct,,
fa,kept,Usage of Text Emojis (ex. :-D type emoticons),Text Emojis / No Emojis,direct,direct,,
fa,kept,Usage of Emojis,With Emojis / No Emojis,direct,direct,,
fi,kept,Usage of Polite Tone,Polite / Impolite,direct,direct,,
fi,kept,Incorporation of Humor,With Humor / Without Humor,direct,direct,,
fi,kept,Usage of Sarcasm,With sarcasm / Without sarcasm,direct,direct,,
fi,kept,Usage of Metaphors,With metaphor / Without metaphor,direct,direct,,
fi,kept,Usage of Offensive Language,Offensive / Non-Offensive,direct,direct,,
fi,kept,Positive Sentiment Expression,Positive / Negative,direct,direct,,
fi,kept,Usage of Active Voice,Active / Passive,direct,direct,,
fi,kept,"Usage of Certain Tone (lack of uncertain words/phrases like 'I think', 'might', 'seems')",Certain / Uncertain,direct,direct,,
fi,kept,Usage of Self-Focused Perspective or Words,Self-focused / Inclusive-focused | Self-focused / You-focused | Self-focused / Third-person singular,direct,direct,,
fi,kept,Usage of Self-Focused Language,Self-focused / Audience-focused,direct,direct,,
fi,kept,Usage of Personal Pronouns,With personal pronouns / Less frequent pronouns,direct,direct,,
fi,kept,Usage of Present Tense and Present-Focused Words,Present-focused / Future-focused,direct,direct,,
fi,kept,Usage of Present-Focused Tense and Words,Present-focused / Past-focused,direct,direct,,
fi,kept,Usage of Words Indicating Affective Processes,Affective processes / Cognitive processes,direct,direct,,
fi,kept,Usage of Words Indicating Affective Process,Affective process / Perceptual process,direct,direct,,
fi,kept,Usage of Words Indicating Cognitive Processes,Cognitive process / Perceptual process,direct,direct,,
fi,kept,Usage of Articles,With articles / Less frequent articles,drop,drop,ART_DROP,Drop article contrast because the language lacks a stable article category comparable to English a/an/the.
fi,kept,Fluency in Sentence Construction,Fluent sentence / Disfluent sentence,direct,direct,,
fi,kept,Frequent Usage of Function Words,With function words / Less frequent function words,direct,direct,,
fi,kept,Frequent Usage of Common Verbs,With common verbs / Less frequent common verbs,direct,direct,,
fi,kept,Usage of Pronouns,With pronouns / Less frequent pronouns,direct,direct,,
fi,kept,Usage of Prepositions,With prepositions / Less frequent prepositions,adapt,drop,PREP_ADAPT,Use Finnish case endings plus pre/postpositions rather than English-like prepositions.
fi,kept,Frequent Usage of Determiners,With determiners / Less frequent determiners,direct,direct,,
fi,kept,Usage of Conjunctions,With conjunctions / Less frequent conjunctions,direct,direct,,
fi,kept,Usage of Nominalizations,With nominalizations / Without nominalizations,direct,direct,,
fi,kept,Usage of Long Words,Long average word length / Short average word length,direct,direct,,
fi,kept,Usage of Numerical Digits,With digits / Less frequent digits,direct,direct,,
fi,kept,Usage of Uppercase Letters,With uppercase letters / Without uppercase letters,direct,direct,,
fi,kept,Frequent Usage of Punctuation,With frequent punctuation / Less Frequent punctuation,direct,direct,,
fi,kept,Usage of Formal Tone,Formal / Informal,direct,direct,,
fi,kept,Complex Sentence Structure,Complex / Simple,direct,direct,,
fi,kept,Usage of Contractions,With contractions / Without contractions,direct,direct,,
fi,kept,Usage of Numerical Substitution (ex. hello -> h3llo type slang),With number substitution / Without number substitution,direct,direct,,
fi,kept,Usage of Only Lowercase Letters (all lowercase style),All Lower Case / Proper Capitalization,direct,direct,,
fi,kept,Usage of Only Uppercase Letters (all uppercase style),All Upper Case / Proper Capitalization,direct,direct,,
fi,kept,Presence of Misspelled Words,Sentence With a Few Misspelled Words / Normal Sentence,direct,direct,,
fi,kept,Usage of Text Emojis (ex. :-D type emoticons),Text Emojis / No Emojis,direct,direct,,
fi,kept,Usage of Emojis,With Emojis / No Emojis,direct,direct,,
fr,kept,Usage of Polite Tone,Polite / Impolite,direct,direct,,
fr,kept,Incorporation of Humor,With Humor / Without Humor,direct,direct,,
fr,kept,Usage of Sarcasm,With sarcasm / Without sarcasm,direct,direct,,
fr,kept,Usage of Metaphors,With metaphor / Without metaphor,direct,direct,,
fr,kept,Usage of Offensive Language,Offensive / Non-Offensive,direct,direct,,
fr,kept,Positive Sentiment Expression,Positive / Negative,direct,direct,,
fr,kept,Usage of Active Voice,Active / Passive,direct,direct,,
fr,kept,"Usage of Certain Tone (lack of uncertain words/phrases like 'I think', 'might', 'seems')",Certain / Uncertain,direct,direct,,
fr,kept,Usage of Self-Focused Perspective or Words,Self-focused / Inclusive-focused | Self-focused / You-focused | Self-focused / Third-person singular,direct,direct,,
fr,kept,Usage of Self-Focused Language,Self-focused / Audience-focused,direct,direct,,
fr,kept,Usage of Personal Pronouns,With personal pronouns / Less frequent pronouns,direct,direct,,
fr,kept,Usage of Present Tense and Present-Focused Words,Present-focused / Future-focused,direct,direct,,
fr,kept,Usage of Present-Focused Tense and Words,Present-focused / Past-focused,direct,direct,,
fr,kept,Usage of Words Indicating Affective Processes,Affective processes / Cognitive processes,direct,direct,,
fr,kept,Usage of Words Indicating Affective Process,Affective process / Perceptual process,direct,direct,,
fr,kept,Usage of Words Indicating Cognitive Processes,Cognitive process / Perceptual process,direct,direct,,
fr,kept,Usage of Articles,With articles / Less frequent articles,direct,direct,,
fr,kept,Fluency in Sentence Construction,Fluent sentence / Disfluent sentence,direct,direct,,
fr,kept,Frequent Usage of Function Words,With function words / Less frequent function words,direct,direct,,
fr,kept,Frequent Usage of Common Verbs,With common verbs / Less frequent common verbs,direct,direct,,
fr,kept,Usage of Pronouns,With pronouns / Less frequent pronouns,direct,direct,,
fr,kept,Usage of Prepositions,With prepositions / Less frequent prepositions,direct,direct,,
fr,kept,Frequent Usage of Determiners,With determiners / Less frequent determiners,direct,direct,,
fr,kept,Usage of Conjunctions,With conjunctions / Less frequent conjunctions,direct,direct,,
fr,kept,Usage of Nominalizations,With nominalizations / Without nominalizations,direct,direct,,
fr,kept,Usage of Long Words,Long average word length / Short average word length,direct,direct,,
fr,kept,Usage of Numerical Digits,With digits / Less frequent digits,direct,direct,,
fr,kept,Usage of Uppercase Letters,With uppercase letters / Without uppercase letters,direct,direct,,
fr,kept,Frequent Usage of Punctuation,With frequent punctuation / Less Frequent punctuation,direct,direct,,
fr,kept,Usage of Formal Tone,Formal / Informal,direct,direct,,
fr,kept,Complex Sentence Structure,Complex / Simple,direct,direct,,
fr,kept,Usage of Contractions,With contractions / Without contractions,direct,direct,,
fr,kept,Usage of Numerical Substitution (ex. hello -> h3llo type slang),With number substitution / Without number substitution,direct,direct,,
fr,kept,Usage of Only Lowercase Letters (all lowercase style),All Lower Case / Proper Capitalization,direct,direct,,
fr,kept,Usage of Only Uppercase Letters (all uppercase style),All Upper Case / Proper Capitalization,direct,direct,,
fr,kept,Presence of Misspelled Words,Sentence With a Few Misspelled Words / Normal Sentence,direct,direct,,
fr,kept,Usage of Text Emojis (ex. :-D type emoticons),Text Emojis / No Emojis,direct,direct,,
fr,kept,Usage of Emojis,With Emojis / No Emojis,direct,direct,,
ga,dropped_quality,Usage of Polite Tone,Polite / Impolite,direct,direct,,
ga,dropped_quality,Incorporation of Humor,With Humor / Without Humor,direct,direct,,
ga,dropped_quality,Usage of Sarcasm,With sarcasm / Without sarcasm,direct,direct,,
ga,dropped_quality,Usage of Metaphors,With metaphor / Without metaphor,direct,direct,,
ga,dropped_quality,Usage of Offensive Language,Offensive / Non-Offensive,direct,direct,,
ga,dropped_quality,Positive Sentiment Expression,Positive / Negative,direct,direct,,
ga,dropped_quality,Usage of Active Voice,Active / Passive,direct,direct,,
ga,dropped_quality,"Usage of Certain Tone (lack of uncertain words/phrases like 'I think', 'might', 'seems')",Certain / Uncertain,direct,direct,,
ga,dropped_quality,Usage of Self-Focused Perspective or Words,Self-focused / Inclusive-focused | Self-focused / You-focused | Self-focused / Third-person singular,direct,direct,,
ga,dropped_quality,Usage of Self-Focused Language,Self-focused / Audience-focused,direct,direct,,
ga,dropped_quality,Usage of Personal Pronouns,With personal pronouns / Less frequent pronouns,direct,direct,,
ga,dropped_quality,Usage of Present Tense and Present-Focused Words,Present-focused / Future-focused,direct,direct,,
ga,dropped_quality,Usage of Present-Focused Tense and Words,Present-focused / Past-focused,direct,direct,,
ga,dropped_quality,Usage of Words Indicating Affective Processes,Affective processes / Cognitive processes,direct,direct,,
ga,dropped_quality,Usage of Words Indicating Affective Process,Affective process / Perceptual process,direct,direct,,
ga,dropped_quality,Usage of Words Indicating Cognitive Processes,Cognitive process / Perceptual process,direct,direct,,
ga,dropped_quality,Usage of Articles,With articles / Less frequent articles,direct,direct,,
ga,dropped_quality,Fluency in Sentence Construction,Fluent sentence / Disfluent sentence,direct,direct,,
ga,dropped_quality,Frequent Usage of Function Words,With function words / Less frequent function words,direct,direct,,
ga,dropped_quality,Frequent Usage of Common Verbs,With common verbs / Less frequent common verbs,direct,direct,,
ga,dropped_quality,Usage of Pronouns,With pronouns / Less frequent pronouns,direct,direct,,
ga,dropped_quality,Usage of Prepositions,With prepositions / Less frequent prepositions,direct,direct,,
ga,dropped_quality,Frequent Usage of Determiners,With determiners / Less frequent determiners,direct,direct,,
ga,dropped_quality,Usage of Conjunctions,With conjunctions / Less frequent conjunctions,direct,direct,,
ga,dropped_quality,Usage of Nominalizations,With nominalizations / Without nominalizations,direct,direct,,
ga,dropped_quality,Usage of Long Words,Long average word length / Short average word length,direct,direct,,
ga,dropped_quality,Usage of Numerical Digits,With digits / Less frequent digits,direct,direct,,
ga,dropped_quality,Usage of Uppercase Letters,With uppercase letters / Without uppercase letters,direct,direct,,
ga,dropped_quality,Frequent Usage of Punctuation,With frequent punctuation / Less Frequent punctuation,direct,direct,,
ga,dropped_quality,Usage of Formal Tone,Formal / Informal,direct,direct,,
ga,dropped_quality,Complex Sentence Structure,Complex / Simple,direct,direct,,
ga,dropped_quality,Usage of Contractions,With contractions / Without contractions,direct,direct,,
ga,dropped_quality,Usage of Numerical Substitution (ex. hello -> h3llo type slang),With number substitution / Without number substitution,direct,direct,,
ga,dropped_quality,Usage of Only Lowercase Letters (all lowercase style),All Lower Case / Proper Capitalization,direct,direct,,
ga,dropped_quality,Usage of Only Uppercase Letters (all uppercase style),All Upper Case / Proper Capitalization,direct,direct,,
ga,dropped_quality,Presence of Misspelled Words,Sentence With a Few Misspelled Words / Normal Sentence,direct,direct,,
ga,dropped_quality,Usage of Text Emojis (ex. :-D type emoticons),Text Emojis / No Emojis,direct,direct,,
ga,dropped_quality,Usage of Emojis,With Emojis / No Emojis,direct,direct,,
gl,kept,Usage of Polite Tone,Polite / Impolite,direct,direct,,
gl,kept,Incorporation of Humor,With Humor / Without Humor,direct,direct,,
gl,kept,Usage of Sarcasm,With sarcasm / Without sarcasm,direct,direct,,
gl,kept,Usage of Metaphors,With metaphor / Without metaphor,direct,direct,,
gl,kept,Usage of Offensive Language,Offensive / Non-Offensive,direct,direct,,
gl,kept,Positive Sentiment Expression,Positive / Negative,direct,direct,,
gl,kept,Usage of Active Voice,Active / Passive,direct,direct,,
gl,kept,"Usage of Certain Tone (lack of uncertain words/phrases like 'I think', 'might', 'seems')",Certain / Uncertain,direct,direct,,
gl,kept,Usage of Self-Focused Perspective or Words,Self-focused / Inclusive-focused | Self-focused / You-focused | Self-focused / Third-person singular,direct,direct,,
gl,kept,Usage of Self-Focused Language,Self-focused / Audience-focused,direct,direct,,
gl,kept,Usage of Personal Pronouns,With personal pronouns / Less frequent pronouns,direct,direct,,
gl,kept,Usage of Present Tense and Present-Focused Words,Present-focused / Future-focused,direct,direct,,
gl,kept,Usage of Present-Focused Tense and Words,Present-focused / Past-focused,direct,direct,,
gl,kept,Usage of Words Indicating Affective Processes,Affective processes / Cognitive processes,direct,direct,,
gl,kept,Usage of Words Indicating Affective Process,Affective process / Perceptual process,direct,direct,,
gl,kept,Usage of Words Indicating Cognitive Processes,Cognitive process / Perceptual process,direct,direct,,
gl,kept,Usage of Articles,With articles / Less frequent articles,direct,direct,,
gl,kept,Fluency in Sentence Construction,Fluent sentence / Disfluent sentence,direct,direct,,
gl,kept,Frequent Usage of Function Words,With function words / Less frequent function words,direct,direct,,
gl,kept,Frequent Usage of Common Verbs,With common verbs / Less frequent common verbs,direct,direct,,
gl,kept,Usage of Pronouns,With pronouns / Less frequent pronouns,direct,direct,,
gl,kept,Usage of Prepositions,With prepositions / Less frequent prepositions,direct,direct,,
gl,kept,Frequent Usage of Determiners,With determiners / Less frequent determiners,direct,direct,,
gl,kept,Usage of Conjunctions,With conjunctions / Less frequent conjunctions,direct,direct,,
gl,kept,Usage of Nominalizations,With nominalizations / Without nominalizations,direct,direct,,
gl,kept,Usage of Long Words,Long average word length / Short average word length,direct,direct,,
gl,kept,Usage of Numerical Digits,With digits / Less frequent digits,direct,direct,,
gl,kept,Usage of Uppercase Letters,With uppercase letters / Without uppercase letters,direct,direct,,
gl,kept,Frequent Usage of Punctuation,With frequent punctuation / Less Frequent punctuation,direct,direct,,
gl,kept,Usage of Formal Tone,Formal / Informal,direct,direct,,
gl,kept,Complex Sentence Structure,Complex / Simple,direct,direct,,
gl,kept,Usage of Contractions,With contractions / Without contractions,direct,direct,,
gl,kept,Usage of Numerical Substitution (ex. hello -> h3llo type slang),With number substitution / Without number substitution,direct,direct,,
gl,kept,Usage of Only Lowercase Letters (all lowercase style),All Lower Case / Proper Capitalization,direct,direct,,
gl,kept,Usage of Only Uppercase Letters (all uppercase style),All Upper Case / Proper Capitalization,direct,direct,,
gl,kept,Presence of Misspelled Words,Sentence With a Few Misspelled Words / Normal Sentence,direct,direct,,
gl,kept,Usage of Text Emojis (ex. :-D type emoticons),Text Emojis / No Emojis,direct,direct,,
gl,kept,Usage of Emojis,With Emojis / No Emojis,direct,direct,,
gu,kept,Usage of Polite Tone,Polite / Impolite,direct,direct,,
gu,kept,Incorporation of Humor,With Humor / Without Humor,direct,direct,,
gu,kept,Usage of Sarcasm,With sarcasm / Without sarcasm,direct,direct,,
gu,kept,Usage of Metaphors,With metaphor / Without metaphor,direct,direct,,
gu,kept,Usage of Offensive Language,Offensive / Non-Offensive,direct,direct,,
gu,kept,Positive Sentiment Expression,Positive / Negative,direct,direct,,
gu,kept,Usage of Active Voice,Active / Passive,direct,direct,,
gu,kept,"Usage of Certain Tone (lack of uncertain words/phrases like 'I think', 'might', 'seems')",Certain / Uncertain,direct,direct,,
gu,kept,Usage of Self-Focused Perspective or Words,Self-focused / Inclusive-focused | Self-focused / You-focused | Self-focused / Third-person singular,direct,direct,,
gu,kept,Usage of Self-Focused Language,Self-focused / Audience-focused,direct,direct,,
gu,kept,Usage of Personal Pronouns,With personal pronouns / Less frequent pronouns,direct,direct,,
gu,kept,Usage of Present Tense and Present-Focused Words,Present-focused / Future-focused,direct,direct,,
gu,kept,Usage of Present-Focused Tense and Words,Present-focused / Past-focused,direct,direct,,
gu,kept,Usage of Words Indicating Affective Processes,Affective processes / Cognitive processes,direct,direct,,
gu,kept,Usage of Words Indicating Affective Process,Affective process / Perceptual process,direct,direct,,
gu,kept,Usage of Words Indicating Cognitive Processes,Cognitive process / Perceptual process,direct,direct,,
gu,kept,Usage of Articles,With articles / Less frequent articles,drop,drop,ART_DROP,Drop article contrast because the language lacks a stable article category comparable to English a/an/the.
gu,kept,Fluency in Sentence Construction,Fluent sentence / Disfluent sentence,direct,direct,,
gu,kept,Frequent Usage of Function Words,With function words / Less frequent function words,direct,direct,,
gu,kept,Frequent Usage of Common Verbs,With common verbs / Less frequent common verbs,direct,direct,,
gu,kept,Usage of Pronouns,With pronouns / Less frequent pronouns,direct,direct,,
gu,kept,Usage of Prepositions,With prepositions / Less frequent prepositions,adapt,drop,PREP_ADAPT,"Adapt preposition frequency to adpositions, postpositions, case suffixes, or case particles used for the same grammatical relations."
gu,kept,Frequent Usage of Determiners,With determiners / Less frequent determiners,direct,direct,,
gu,kept,Usage of Conjunctions,With conjunctions / Less frequent conjunctions,direct,direct,,
gu,kept,Usage of Nominalizations,With nominalizations / Without nominalizations,direct,direct,,
gu,kept,Usage of Long Words,Long average word length / Short average word length,direct,direct,,
gu,kept,Usage of Numerical Digits,With digits / Less frequent digits,direct,direct,,
gu,kept,Usage of Uppercase Letters,With uppercase letters / Without uppercase letters,drop,drop,CASE_DROP,Drop casing contrast for uncased scripts or scripts where uppercase/lowercase is not a native style dimension.
gu,kept,Frequent Usage of Punctuation,With frequent punctuation / Less Frequent punctuation,direct,direct,,
gu,kept,Usage of Formal Tone,Formal / Informal,direct,direct,,
gu,kept,Complex Sentence Structure,Complex / Simple,direct,direct,,
gu,kept,Usage of Contractions,With contractions / Without contractions,direct,direct,,
gu,kept,Usage of Numerical Substitution (ex. hello -> h3llo type slang),With number substitution / Without number substitution,drop,drop,NUMSUB_DROP,Drop numerical substitution because a robust local digit-substitution convention was not assumed for this pass.
gu,kept,Usage of Only Lowercase Letters (all lowercase style),All Lower Case / Proper Capitalization,drop,drop,CASE_DROP,Drop casing contrast for uncased scripts or scripts where uppercase/lowercase is not a native style dimension.
gu,kept,Usage of Only Uppercase Letters (all uppercase style),All Upper Case / Proper Capitalization,drop,drop,CASE_DROP,Drop casing contrast for uncased scripts or scripts where uppercase/lowercase is not a native style dimension.
gu,kept,Presence of Misspelled Words,Sentence With a Few Misspelled Words / Normal Sentence,direct,direct,,
gu,kept,Usage of Text Emojis (ex. :-D type emoticons),Text Emojis / No Emojis,direct,direct,,
gu,kept,Usage of Emojis,With Emojis / No Emojis,direct,direct,,
hbs,kept,Usage of Polite Tone,Polite / Impolite,direct,direct,,
hbs,kept,Incorporation of Humor,With Humor / Without Humor,direct,direct,,
hbs,kept,Usage of Sarcasm,With sarcasm / Without sarcasm,direct,direct,,
hbs,kept,Usage of Metaphors,With metaphor / Without metaphor,direct,direct,,
hbs,kept,Usage of Offensive Language,Offensive / Non-Offensive,direct,direct,,
hbs,kept,Positive Sentiment Expression,Positive / Negative,direct,direct,,
hbs,kept,Usage of Active Voice,Active / Passive,direct,direct,,
hbs,kept,"Usage of Certain Tone (lack of uncertain words/phrases like 'I think', 'might', 'seems')",Certain / Uncertain,direct,direct,,
hbs,kept,Usage of Self-Focused Perspective or Words,Self-focused / Inclusive-focused | Self-focused / You-focused | Self-focused / Third-person singular,direct,direct,,
hbs,kept,Usage of Self-Focused Language,Self-focused / Audience-focused,direct,direct,,
hbs,kept,Usage of Personal Pronouns,With personal pronouns / Less frequent pronouns,direct,direct,,
hbs,kept,Usage of Present Tense and Present-Focused Words,Present-focused / Future-focused,direct,direct,,
hbs,kept,Usage of Present-Focused Tense and Words,Present-focused / Past-focused,direct,direct,,
hbs,kept,Usage of Words Indicating Affective Processes,Affective processes / Cognitive processes,direct,direct,,
hbs,kept,Usage of Words Indicating Affective Process,Affective process / Perceptual process,direct,direct,,
hbs,kept,Usage of Words Indicating Cognitive Processes,Cognitive process / Perceptual process,direct,direct,,
hbs,kept,Usage of Articles,With articles / Less frequent articles,drop,drop,ART_DROP,Drop article contrast because the language lacks a stable article category comparable to English a/an/the.
hbs,kept,Fluency in Sentence Construction,Fluent sentence / Disfluent sentence,direct,direct,,
hbs,kept,Frequent Usage of Function Words,With function words / Less frequent function words,direct,direct,,
hbs,kept,Frequent Usage of Common Verbs,With common verbs / Less frequent common verbs,direct,direct,,
hbs,kept,Usage of Pronouns,With pronouns / Less frequent pronouns,direct,direct,,
hbs,kept,Usage of Prepositions,With prepositions / Less frequent prepositions,direct,direct,,
hbs,kept,Frequent Usage of Determiners,With determiners / Less frequent determiners,direct,direct,,
hbs,kept,Usage of Conjunctions,With conjunctions / Less frequent conjunctions,direct,direct,,
hbs,kept,Usage of Nominalizations,With nominalizations / Without nominalizations,direct,direct,,
hbs,kept,Usage of Long Words,Long average word length / Short average word length,direct,direct,,
hbs,kept,Usage of Numerical Digits,With digits / Less frequent digits,direct,direct,,
hbs,kept,Usage of Uppercase Letters,With uppercase letters / Without uppercase letters,direct,direct,,
hbs,kept,Frequent Usage of Punctuation,With frequent punctuation / Less Frequent punctuation,direct,direct,,
hbs,kept,Usage of Formal Tone,Formal / Informal,direct,direct,,
hbs,kept,Complex Sentence Structure,Complex / Simple,direct,direct,,
hbs,kept,Usage of Contractions,With contractions / Without contractions,direct,direct,,
hbs,kept,Usage of Numerical Substitution (ex. hello -> h3llo type slang),With number substitution / Without number substitution,direct,direct,,
hbs,kept,Usage of Only Lowercase Letters (all lowercase style),All Lower Case / Proper Capitalization,direct,direct,,
hbs,kept,Usage of Only Uppercase Letters (all uppercase style),All Upper Case / Proper Capitalization,direct,direct,,
hbs,kept,Presence of Misspelled Words,Sentence With a Few Misspelled Words / Normal Sentence,direct,direct,,
hbs,kept,Usage of Text Emojis (ex. :-D type emoticons),Text Emojis / No Emojis,direct,direct,,
hbs,kept,Usage of Emojis,With Emojis / No Emojis,direct,direct,,
he,kept,Usage of Polite Tone,Polite / Impolite,direct,direct,,
he,kept,Incorporation of Humor,With Humor / Without Humor,direct,direct,,
he,kept,Usage of Sarcasm,With sarcasm / Without sarcasm,direct,direct,,
he,kept,Usage of Metaphors,With metaphor / Without metaphor,direct,direct,,
he,kept,Usage of Offensive Language,Offensive / Non-Offensive,direct,direct,,
he,kept,Positive Sentiment Expression,Positive / Negative,direct,direct,,
he,kept,Usage of Active Voice,Active / Passive,direct,direct,,
he,kept,"Usage of Certain Tone (lack of uncertain words/phrases like 'I think', 'might', 'seems')",Certain / Uncertain,direct,direct,,
he,kept,Usage of Self-Focused Perspective or Words,Self-focused / Inclusive-focused | Self-focused / You-focused | Self-focused / Third-person singular,direct,direct,,
he,kept,Usage of Self-Focused Language,Self-focused / Audience-focused,direct,direct,,
he,kept,Usage of Personal Pronouns,With personal pronouns / Less frequent pronouns,direct,direct,,
he,kept,Usage of Present Tense and Present-Focused Words,Present-focused / Future-focused,direct,direct,,
he,kept,Usage of Present-Focused Tense and Words,Present-focused / Past-focused,direct,direct,,
he,kept,Usage of Words Indicating Affective Processes,Affective processes / Cognitive processes,direct,direct,,
he,kept,Usage of Words Indicating Affective Process,Affective process / Perceptual process,direct,direct,,
he,kept,Usage of Words Indicating Cognitive Processes,Cognitive process / Perceptual process,direct,direct,,
he,kept,Usage of Articles,With articles / Less frequent articles,direct,direct,,
he,kept,Fluency in Sentence Construction,Fluent sentence / Disfluent sentence,direct,direct,,
he,kept,Frequent Usage of Function Words,With function words / Less frequent function words,direct,direct,,
he,kept,Frequent Usage of Common Verbs,With common verbs / Less frequent common verbs,direct,direct,,
he,kept,Usage of Pronouns,With pronouns / Less frequent pronouns,direct,direct,,
he,kept,Usage of Prepositions,With prepositions / Less frequent prepositions,direct,direct,,
he,kept,Frequent Usage of Determiners,With determiners / Less frequent determiners,direct,direct,,
he,kept,Usage of Conjunctions,With conjunctions / Less frequent conjunctions,direct,direct,,
he,kept,Usage of Nominalizations,With nominalizations / Without nominalizations,direct,direct,,
he,kept,Usage of Long Words,Long average word length / Short average word length,direct,direct,,
he,kept,Usage of Numerical Digits,With digits / Less frequent digits,direct,direct,,
he,kept,Usage of Uppercase Letters,With uppercase letters / Without uppercase letters,drop,drop,CASE_DROP,Drop casing contrast for uncased scripts or scripts where uppercase/lowercase is not a native style dimension.
he,kept,Frequent Usage of Punctuation,With frequent punctuation / Less Frequent punctuation,direct,direct,,
he,kept,Usage of Formal Tone,Formal / Informal,direct,direct,,
he,kept,Complex Sentence Structure,Complex / Simple,direct,direct,,
he,kept,Usage of Contractions,With contractions / Without contractions,direct,direct,,
he,kept,Usage of Numerical Substitution (ex. hello -> h3llo type slang),With number substitution / Without number substitution,drop,drop,NUMSUB_DROP,Drop numerical substitution because a robust local digit-substitution convention was not assumed for this pass.
he,kept,Usage of Only Lowercase Letters (all lowercase style),All Lower Case / Proper Capitalization,drop,drop,CASE_DROP,Drop casing contrast for uncased scripts or scripts where uppercase/lowercase is not a native style dimension.
he,kept,Usage of Only Uppercase Letters (all uppercase style),All Upper Case / Proper Capitalization,drop,drop,CASE_DROP,Drop casing contrast for uncased scripts or scripts where uppercase/lowercase is not a native style dimension.
he,kept,Presence of Misspelled Words,Sentence With a Few Misspelled Words / Normal Sentence,direct,direct,,
he,kept,Usage of Text Emojis (ex. :-D type emoticons),Text Emojis / No Emojis,direct,direct,,
he,kept,Usage of Emojis,With Emojis / No Emojis,direct,direct,,
hi,kept,Usage of Polite Tone,Polite / Impolite,direct,direct,,
hi,kept,Incorporation of Humor,With Humor / Without Humor,direct,direct,,
hi,kept,Usage of Sarcasm,With sarcasm / Without sarcasm,direct,direct,,
hi,kept,Usage of Metaphors,With metaphor / Without metaphor,direct,direct,,
hi,kept,Usage of Offensive Language,Offensive / Non-Offensive,direct,direct,,
hi,kept,Positive Sentiment Expression,Positive / Negative,direct,direct,,
hi,kept,Usage of Active Voice,Active / Passive,direct,direct,,
hi,kept,"Usage of Certain Tone (lack of uncertain words/phrases like 'I think', 'might', 'seems')",Certain / Uncertain,direct,direct,,
hi,kept,Usage of Self-Focused Perspective or Words,Self-focused / Inclusive-focused | Self-focused / You-focused | Self-focused / Third-person singular,direct,direct,,
hi,kept,Usage of Self-Focused Language,Self-focused / Audience-focused,direct,direct,,
hi,kept,Usage of Personal Pronouns,With personal pronouns / Less frequent pronouns,direct,direct,,
hi,kept,Usage of Present Tense and Present-Focused Words,Present-focused / Future-focused,direct,direct,,
hi,kept,Usage of Present-Focused Tense and Words,Present-focused / Past-focused,direct,direct,,
hi,kept,Usage of Words Indicating Affective Processes,Affective processes / Cognitive processes,direct,direct,,
hi,kept,Usage of Words Indicating Affective Process,Affective process / Perceptual process,direct,direct,,
hi,kept,Usage of Words Indicating Cognitive Processes,Cognitive process / Perceptual process,direct,direct,,
hi,kept,Usage of Articles,With articles / Less frequent articles,drop,drop,ART_DROP,Drop article contrast because the language lacks a stable article category comparable to English a/an/the.
hi,kept,Fluency in Sentence Construction,Fluent sentence / Disfluent sentence,direct,direct,,
hi,kept,Frequent Usage of Function Words,With function words / Less frequent function words,direct,direct,,
hi,kept,Frequent Usage of Common Verbs,With common verbs / Less frequent common verbs,direct,direct,,
hi,kept,Usage of Pronouns,With pronouns / Less frequent pronouns,direct,direct,,
hi,kept,Usage of Prepositions,With prepositions / Less frequent prepositions,adapt,drop,PREP_ADAPT,"Adapt preposition frequency to adpositions, postpositions, case suffixes, or case particles used for the same grammatical relations."
hi,kept,Frequent Usage of Determiners,With determiners / Less frequent determiners,direct,direct,,
hi,kept,Usage of Conjunctions,With conjunctions / Less frequent conjunctions,direct,direct,,
hi,kept,Usage of Nominalizations,With nominalizations / Without nominalizations,direct,direct,,
hi,kept,Usage of Long Words,Long average word length / Short average word length,direct,direct,,
hi,kept,Usage of Numerical Digits,With digits / Less frequent digits,direct,direct,,
hi,kept,Usage of Uppercase Letters,With uppercase letters / Without uppercase letters,drop,drop,CASE_DROP,Drop casing contrast for uncased scripts or scripts where uppercase/lowercase is not a native style dimension.
hi,kept,Frequent Usage of Punctuation,With frequent punctuation / Less Frequent punctuation,direct,direct,,
hi,kept,Usage of Formal Tone,Formal / Informal,direct,direct,,
hi,kept,Complex Sentence Structure,Complex / Simple,direct,direct,,
hi,kept,Usage of Contractions,With contractions / Without contractions,direct,direct,,
hi,kept,Usage of Numerical Substitution (ex. hello -> h3llo type slang),With number substitution / Without number substitution,drop,drop,NUMSUB_DROP,Drop numerical substitution because a robust local digit-substitution convention was not assumed for this pass.
hi,kept,Usage of Only Lowercase Letters (all lowercase style),All Lower Case / Proper Capitalization,drop,drop,CASE_DROP,Drop casing contrast for uncased scripts or scripts where uppercase/lowercase is not a native style dimension.
hi,kept,Usage of Only Uppercase Letters (all uppercase style),All Upper Case / Proper Capitalization,drop,drop,CASE_DROP,Drop casing contrast for uncased scripts or scripts where uppercase/lowercase is not a native style dimension.
hi,kept,Presence of Misspelled Words,Sentence With a Few Misspelled Words / Normal Sentence,direct,direct,,
hi,kept,Usage of Text Emojis (ex. :-D type emoticons),Text Emojis / No Emojis,direct,direct,,
hi,kept,Usage of Emojis,With Emojis / No Emojis,direct,direct,,
hu,kept,Usage of Polite Tone,Polite / Impolite,direct,direct,,
hu,kept,Incorporation of Humor,With Humor / Without Humor,direct,direct,,
hu,kept,Usage of Sarcasm,With sarcasm / Without sarcasm,direct,direct,,
hu,kept,Usage of Metaphors,With metaphor / Without metaphor,direct,direct,,
hu,kept,Usage of Offensive Language,Offensive / Non-Offensive,direct,direct,,
hu,kept,Positive Sentiment Expression,Positive / Negative,direct,direct,,
hu,kept,Usage of Active Voice,Active / Passive,direct,direct,,
hu,kept,"Usage of Certain Tone (lack of uncertain words/phrases like 'I think', 'might', 'seems')",Certain / Uncertain,direct,direct,,
hu,kept,Usage of Self-Focused Perspective or Words,Self-focused / Inclusive-focused | Self-focused / You-focused | Self-focused / Third-person singular,direct,direct,,
hu,kept,Usage of Self-Focused Language,Self-focused / Audience-focused,direct,direct,,
hu,kept,Usage of Personal Pronouns,With personal pronouns / Less frequent pronouns,direct,direct,,
hu,kept,Usage of Present Tense and Present-Focused Words,Present-focused / Future-focused,direct,direct,,
hu,kept,Usage of Present-Focused Tense and Words,Present-focused / Past-focused,direct,direct,,
hu,kept,Usage of Words Indicating Affective Processes,Affective processes / Cognitive processes,direct,direct,,
hu,kept,Usage of Words Indicating Affective Process,Affective process / Perceptual process,direct,direct,,
hu,kept,Usage of Words Indicating Cognitive Processes,Cognitive process / Perceptual process,direct,direct,,
hu,kept,Usage of Articles,With articles / Less frequent articles,direct,direct,,
hu,kept,Fluency in Sentence Construction,Fluent sentence / Disfluent sentence,direct,direct,,
hu,kept,Frequent Usage of Function Words,With function words / Less frequent function words,direct,direct,,
hu,kept,Frequent Usage of Common Verbs,With common verbs / Less frequent common verbs,direct,direct,,
hu,kept,Usage of Pronouns,With pronouns / Less frequent pronouns,direct,direct,,
hu,kept,Usage of Prepositions,With prepositions / Less frequent prepositions,adapt,drop,PREP_ADAPT,Use Hungarian case suffixes and postpositions rather than English-like prepositions.
hu,kept,Frequent Usage of Determiners,With determiners / Less frequent determiners,direct,direct,,
hu,kept,Usage of Conjunctions,With conjunctions / Less frequent conjunctions,direct,direct,,
hu,kept,Usage of Nominalizations,With nominalizations / Without nominalizations,direct,direct,,
hu,kept,Usage of Long Words,Long average word length / Short average word length,direct,direct,,
hu,kept,Usage of Numerical Digits,With digits / Less frequent digits,direct,direct,,
hu,kept,Usage of Uppercase Letters,With uppercase letters / Without uppercase letters,direct,direct,,
hu,kept,Frequent Usage of Punctuation,With frequent punctuation / Less Frequent punctuation,direct,direct,,
hu,kept,Usage of Formal Tone,Formal / Informal,direct,direct,,
hu,kept,Complex Sentence Structure,Complex / Simple,direct,direct,,
hu,kept,Usage of Contractions,With contractions / Without contractions,direct,direct,,
hu,kept,Usage of Numerical Substitution (ex. hello -> h3llo type slang),With number substitution / Without number substitution,direct,direct,,
hu,kept,Usage of Only Lowercase Letters (all lowercase style),All Lower Case / Proper Capitalization,direct,direct,,
hu,kept,Usage of Only Uppercase Letters (all uppercase style),All Upper Case / Proper Capitalization,direct,direct,,
hu,kept,Presence of Misspelled Words,Sentence With a Few Misspelled Words / Normal Sentence,direct,direct,,
hu,kept,Usage of Text Emojis (ex. :-D type emoticons),Text Emojis / No Emojis,direct,direct,,
hu,kept,Usage of Emojis,With Emojis / No Emojis,direct,direct,,
hy,kept,Usage of Polite Tone,Polite / Impolite,direct,direct,,
hy,kept,Incorporation of Humor,With Humor / Without Humor,direct,direct,,
hy,kept,Usage of Sarcasm,With sarcasm / Without sarcasm,direct,direct,,
hy,kept,Usage of Metaphors,With metaphor / Without metaphor,direct,direct,,
hy,kept,Usage of Offensive Language,Offensive / Non-Offensive,direct,direct,,
hy,kept,Positive Sentiment Expression,Positive / Negative,direct,direct,,
hy,kept,Usage of Active Voice,Active / Passive,direct,direct,,
hy,kept,"Usage of Certain Tone (lack of uncertain words/phrases like 'I think', 'might', 'seems')",Certain / Uncertain,direct,direct,,
hy,kept,Usage of Self-Focused Perspective or Words,Self-focused / Inclusive-focused | Self-focused / You-focused | Self-focused / Third-person singular,direct,direct,,
hy,kept,Usage of Self-Focused Language,Self-focused / Audience-focused,direct,direct,,
hy,kept,Usage of Personal Pronouns,With personal pronouns / Less frequent pronouns,direct,direct,,
hy,kept,Usage of Present Tense and Present-Focused Words,Present-focused / Future-focused,direct,direct,,
hy,kept,Usage of Present-Focused Tense and Words,Present-focused / Past-focused,direct,direct,,
hy,kept,Usage of Words Indicating Affective Processes,Affective processes / Cognitive processes,direct,direct,,
hy,kept,Usage of Words Indicating Affective Process,Affective process / Perceptual process,direct,direct,,
hy,kept,Usage of Words Indicating Cognitive Processes,Cognitive process / Perceptual process,direct,direct,,
hy,kept,Usage of Articles,With articles / Less frequent articles,direct,direct,,
hy,kept,Fluency in Sentence Construction,Fluent sentence / Disfluent sentence,direct,direct,,
hy,kept,Frequent Usage of Function Words,With function words / Less frequent function words,direct,direct,,
hy,kept,Frequent Usage of Common Verbs,With common verbs / Less frequent common verbs,direct,direct,,
hy,kept,Usage of Pronouns,With pronouns / Less frequent pronouns,direct,direct,,
hy,kept,Usage of Prepositions,With prepositions / Less frequent prepositions,direct,direct,,
hy,kept,Frequent Usage of Determiners,With determiners / Less frequent determiners,direct,direct,,
hy,kept,Usage of Conjunctions,With conjunctions / Less frequent conjunctions,direct,direct,,
hy,kept,Usage of Nominalizations,With nominalizations / Without nominalizations,direct,direct,,
hy,kept,Usage of Long Words,Long average word length / Short average word length,direct,direct,,
hy,kept,Usage of Numerical Digits,With digits / Less frequent digits,direct,direct,,
hy,kept,Usage of Uppercase Letters,With uppercase letters / Without uppercase letters,direct,direct,,
hy,kept,Frequent Usage of Punctuation,With frequent punctuation / Less Frequent punctuation,direct,direct,,
hy,kept,Usage of Formal Tone,Formal / Informal,direct,direct,,
hy,kept,Complex Sentence Structure,Complex / Simple,direct,direct,,
hy,kept,Usage of Contractions,With contractions / Without contractions,direct,direct,,
hy,kept,Usage of Numerical Substitution (ex. hello -> h3llo type slang),With number substitution / Without number substitution,drop,drop,NUMSUB_DROP,Drop numerical substitution because a robust local digit-substitution convention was not assumed for this pass.
hy,kept,Usage of Only Lowercase Letters (all lowercase style),All Lower Case / Proper Capitalization,direct,direct,,
hy,kept,Usage of Only Uppercase Letters (all uppercase style),All Upper Case / Proper Capitalization,direct,direct,,
hy,kept,Presence of Misspelled Words,Sentence With a Few Misspelled Words / Normal Sentence,direct,direct,,
hy,kept,Usage of Text Emojis (ex. :-D type emoticons),Text Emojis / No Emojis,direct,direct,,
hy,kept,Usage of Emojis,With Emojis / No Emojis,direct,direct,,
id,kept,Usage of Polite Tone,Polite / Impolite,direct,direct,,
id,kept,Incorporation of Humor,With Humor / Without Humor,direct,direct,,
id,kept,Usage of Sarcasm,With sarcasm / Without sarcasm,direct,direct,,
id,kept,Usage of Metaphors,With metaphor / Without metaphor,direct,direct,,
id,kept,Usage of Offensive Language,Offensive / Non-Offensive,direct,direct,,
id,kept,Positive Sentiment Expression,Positive / Negative,direct,direct,,
id,kept,Usage of Active Voice,Active / Passive,direct,direct,,
id,kept,"Usage of Certain Tone (lack of uncertain words/phrases like 'I think', 'might', 'seems')",Certain / Uncertain,direct,direct,,
id,kept,Usage of Self-Focused Perspective or Words,Self-focused / Inclusive-focused | Self-focused / You-focused | Self-focused / Third-person singular,direct,direct,,
id,kept,Usage of Self-Focused Language,Self-focused / Audience-focused,direct,direct,,
id,kept,Usage of Personal Pronouns,With personal pronouns / Less frequent pronouns,direct,direct,,
id,kept,Usage of Present Tense and Present-Focused Words,Present-focused / Future-focused,direct,direct,,
id,kept,Usage of Present-Focused Tense and Words,Present-focused / Past-focused,direct,direct,,
id,kept,Usage of Words Indicating Affective Processes,Affective processes / Cognitive processes,direct,direct,,
id,kept,Usage of Words Indicating Affective Process,Affective process / Perceptual process,direct,direct,,
id,kept,Usage of Words Indicating Cognitive Processes,Cognitive process / Perceptual process,direct,direct,,
id,kept,Usage of Articles,With articles / Less frequent articles,adapt,drop,ART_ADAPT_OPTIONAL,Optional adaptation: use ini/itu-style demonstratives or definiteness markers; strict mode drops articles.
id,kept,Fluency in Sentence Construction,Fluent sentence / Disfluent sentence,direct,direct,,
id,kept,Frequent Usage of Function Words,With function words / Less frequent function words,direct,direct,,
id,kept,Frequent Usage of Common Verbs,With common verbs / Less frequent common verbs,direct,direct,,
id,kept,Usage of Pronouns,With pronouns / Less frequent pronouns,direct,direct,,
id,kept,Usage of Prepositions,With prepositions / Less frequent prepositions,direct,direct,,
id,kept,Frequent Usage of Determiners,With determiners / Less frequent determiners,direct,direct,,
id,kept,Usage of Conjunctions,With conjunctions / Less frequent conjunctions,direct,direct,,
id,kept,Usage of Nominalizations,With nominalizations / Without nominalizations,direct,direct,,
id,kept,Usage of Long Words,Long average word length / Short average word length,direct,direct,,
id,kept,Usage of Numerical Digits,With digits / Less frequent digits,direct,direct,,
id,kept,Usage of Uppercase Letters,With uppercase letters / Without uppercase letters,direct,direct,,
id,kept,Frequent Usage of Punctuation,With frequent punctuation / Less Frequent punctuation,direct,direct,,
id,kept,Usage of Formal Tone,Formal / Informal,direct,direct,,
id,kept,Complex Sentence Structure,Complex / Simple,direct,direct,,
id,kept,Usage of Contractions,With contractions / Without contractions,direct,direct,,
id,kept,Usage of Numerical Substitution (ex. hello -> h3llo type slang),With number substitution / Without number substitution,direct,direct,,
id,kept,Usage of Only Lowercase Letters (all lowercase style),All Lower Case / Proper Capitalization,direct,direct,,
id,kept,Usage of Only Uppercase Letters (all uppercase style),All Upper Case / Proper Capitalization,direct,direct,,
id,kept,Presence of Misspelled Words,Sentence With a Few Misspelled Words / Normal Sentence,direct,direct,,
id,kept,Usage of Text Emojis (ex. :-D type emoticons),Text Emojis / No Emojis,direct,direct,,
id,kept,Usage of Emojis,With Emojis / No Emojis,direct,direct,,
is,kept,Usage of Polite Tone,Polite / Impolite,direct,direct,,
is,kept,Incorporation of Humor,With Humor / Without Humor,direct,direct,,
is,kept,Usage of Sarcasm,With sarcasm / Without sarcasm,direct,direct,,
is,kept,Usage of Metaphors,With metaphor / Without metaphor,direct,direct,,
is,kept,Usage of Offensive Language,Offensive / Non-Offensive,direct,direct,,
is,kept,Positive Sentiment Expression,Positive / Negative,direct,direct,,
is,kept,Usage of Active Voice,Active / Passive,direct,direct,,
is,kept,"Usage of Certain Tone (lack of uncertain words/phrases like 'I think', 'might', 'seems')",Certain / Uncertain,direct,direct,,
is,kept,Usage of Self-Focused Perspective or Words,Self-focused / Inclusive-focused | Self-focused / You-focused | Self-focused / Third-person singular,direct,direct,,
is,kept,Usage of Self-Focused Language,Self-focused / Audience-focused,direct,direct,,
is,kept,Usage of Personal Pronouns,With personal pronouns / Less frequent pronouns,direct,direct,,
is,kept,Usage of Present Tense and Present-Focused Words,Present-focused / Future-focused,direct,direct,,
is,kept,Usage of Present-Focused Tense and Words,Present-focused / Past-focused,direct,direct,,
is,kept,Usage of Words Indicating Affective Processes,Affective processes / Cognitive processes,direct,direct,,
is,kept,Usage of Words Indicating Affective Process,Affective process / Perceptual process,direct,direct,,
is,kept,Usage of Words Indicating Cognitive Processes,Cognitive process / Perceptual process,direct,direct,,
is,kept,Usage of Articles,With articles / Less frequent articles,direct,direct,,
is,kept,Fluency in Sentence Construction,Fluent sentence / Disfluent sentence,direct,direct,,
is,kept,Frequent Usage of Function Words,With function words / Less frequent function words,direct,direct,,
is,kept,Frequent Usage of Common Verbs,With common verbs / Less frequent common verbs,direct,direct,,
is,kept,Usage of Pronouns,With pronouns / Less frequent pronouns,direct,direct,,
is,kept,Usage of Prepositions,With prepositions / Less frequent prepositions,direct,direct,,
is,kept,Frequent Usage of Determiners,With determiners / Less frequent determiners,direct,direct,,
is,kept,Usage of Conjunctions,With conjunctions / Less frequent conjunctions,direct,direct,,
is,kept,Usage of Nominalizations,With nominalizations / Without nominalizations,direct,direct,,
is,kept,Usage of Long Words,Long average word length / Short average word length,direct,direct,,
is,kept,Usage of Numerical Digits,With digits / Less frequent digits,direct,direct,,
is,kept,Usage of Uppercase Letters,With uppercase letters / Without uppercase letters,direct,direct,,
is,kept,Frequent Usage of Punctuation,With frequent punctuation / Less Frequent punctuation,direct,direct,,
is,kept,Usage of Formal Tone,Formal / Informal,direct,direct,,
is,kept,Complex Sentence Structure,Complex / Simple,direct,direct,,
is,kept,Usage of Contractions,With contractions / Without contractions,direct,direct,,
is,kept,Usage of Numerical Substitution (ex. hello -> h3llo type slang),With number substitution / Without number substitution,direct,direct,,
is,kept,Usage of Only Lowercase Letters (all lowercase style),All Lower Case / Proper Capitalization,direct,direct,,
is,kept,Usage of Only Uppercase Letters (all uppercase style),All Upper Case / Proper Capitalization,direct,direct,,
is,kept,Presence of Misspelled Words,Sentence With a Few Misspelled Words / Normal Sentence,direct,direct,,
is,kept,Usage of Text Emojis (ex. :-D type emoticons),Text Emojis / No Emojis,direct,direct,,
is,kept,Usage of Emojis,With Emojis / No Emojis,direct,direct,,
it,kept,Usage of Polite Tone,Polite / Impolite,direct,direct,,
it,kept,Incorporation of Humor,With Humor / Without Humor,direct,direct,,
it,kept,Usage of Sarcasm,With sarcasm / Without sarcasm,direct,direct,,
it,kept,Usage of Metaphors,With metaphor / Without metaphor,direct,direct,,
it,kept,Usage of Offensive Language,Offensive / Non-Offensive,direct,direct,,
it,kept,Positive Sentiment Expression,Positive / Negative,direct,direct,,
it,kept,Usage of Active Voice,Active / Passive,direct,direct,,
it,kept,"Usage of Certain Tone (lack of uncertain words/phrases like 'I think', 'might', 'seems')",Certain / Uncertain,direct,direct,,
it,kept,Usage of Self-Focused Perspective or Words,Self-focused / Inclusive-focused | Self-focused / You-focused | Self-focused / Third-person singular,direct,direct,,
it,kept,Usage of Self-Focused Language,Self-focused / Audience-focused,direct,direct,,
it,kept,Usage of Personal Pronouns,With personal pronouns / Less frequent pronouns,direct,direct,,
it,kept,Usage of Present Tense and Present-Focused Words,Present-focused / Future-focused,direct,direct,,
it,kept,Usage of Present-Focused Tense and Words,Present-focused / Past-focused,direct,direct,,
it,kept,Usage of Words Indicating Affective Processes,Affective processes / Cognitive processes,direct,direct,,
it,kept,Usage of Words Indicating Affective Process,Affective process / Perceptual process,direct,direct,,
it,kept,Usage of Words Indicating Cognitive Processes,Cognitive process / Perceptual process,direct,direct,,
it,kept,Usage of Articles,With articles / Less frequent articles,direct,direct,,
it,kept,Fluency in Sentence Construction,Fluent sentence / Disfluent sentence,direct,direct,,
it,kept,Frequent Usage of Function Words,With function words / Less frequent function words,direct,direct,,
it,kept,Frequent Usage of Common Verbs,With common verbs / Less frequent common verbs,direct,direct,,
it,kept,Usage of Pronouns,With pronouns / Less frequent pronouns,direct,direct,,
it,kept,Usage of Prepositions,With prepositions / Less frequent prepositions,direct,direct,,
it,kept,Frequent Usage of Determiners,With determiners / Less frequent determiners,direct,direct,,
it,kept,Usage of Conjunctions,With conjunctions / Less frequent conjunctions,direct,direct,,
it,kept,Usage of Nominalizations,With nominalizations / Without nominalizations,direct,direct,,
it,kept,Usage of Long Words,Long average word length / Short average word length,direct,direct,,
it,kept,Usage of Numerical Digits,With digits / Less frequent digits,direct,direct,,
it,kept,Usage of Uppercase Letters,With uppercase letters / Without uppercase letters,direct,direct,,
it,kept,Frequent Usage of Punctuation,With frequent punctuation / Less Frequent punctuation,direct,direct,,
it,kept,Usage of Formal Tone,Formal / Informal,direct,direct,,
it,kept,Complex Sentence Structure,Complex / Simple,direct,direct,,
it,kept,Usage of Contractions,With contractions / Without contractions,direct,direct,,
it,kept,Usage of Numerical Substitution (ex. hello -> h3llo type slang),With number substitution / Without number substitution,direct,direct,,
it,kept,Usage of Only Lowercase Letters (all lowercase style),All Lower Case / Proper Capitalization,direct,direct,,
it,kept,Usage of Only Uppercase Letters (all uppercase style),All Upper Case / Proper Capitalization,direct,direct,,
it,kept,Presence of Misspelled Words,Sentence With a Few Misspelled Words / Normal Sentence,direct,direct,,
it,kept,Usage of Text Emojis (ex. :-D type emoticons),Text Emojis / No Emojis,direct,direct,,
it,kept,Usage of Emojis,With Emojis / No Emojis,direct,direct,,
ja,kept,Usage of Polite Tone,Polite / Impolite,direct,direct,,
ja,kept,Incorporation of Humor,With Humor / Without Humor,direct,direct,,
ja,kept,Usage of Sarcasm,With sarcasm / Without sarcasm,direct,direct,,
ja,kept,Usage of Metaphors,With metaphor / Without metaphor,direct,direct,,
ja,kept,Usage of Offensive Language,Offensive / Non-Offensive,direct,direct,,
ja,kept,Positive Sentiment Expression,Positive / Negative,direct,direct,,
ja,kept,Usage of Active Voice,Active / Passive,direct,direct,,
ja,kept,"Usage of Certain Tone (lack of uncertain words/phrases like 'I think', 'might', 'seems')",Certain / Uncertain,direct,direct,,
ja,kept,Usage of Self-Focused Perspective or Words,Self-focused / Inclusive-focused | Self-focused / You-focused | Self-focused / Third-person singular,direct,direct,,
ja,kept,Usage of Self-Focused Language,Self-focused / Audience-focused,direct,direct,,
ja,kept,Usage of Personal Pronouns,With personal pronouns / Less frequent pronouns,direct,direct,,
ja,kept,Usage of Present Tense and Present-Focused Words,Present-focused / Future-focused,direct,direct,,
ja,kept,Usage of Present-Focused Tense and Words,Present-focused / Past-focused,direct,direct,,
ja,kept,Usage of Words Indicating Affective Processes,Affective processes / Cognitive processes,direct,direct,,
ja,kept,Usage of Words Indicating Affective Process,Affective process / Perceptual process,direct,direct,,
ja,kept,Usage of Words Indicating Cognitive Processes,Cognitive process / Perceptual process,direct,direct,,
ja,kept,Usage of Articles,With articles / Less frequent articles,drop,drop,ART_DROP,Drop article contrast because the language lacks a stable article category comparable to English a/an/the.
ja,kept,Fluency in Sentence Construction,Fluent sentence / Disfluent sentence,direct,direct,,
ja,kept,Frequent Usage of Function Words,With function words / Less frequent function words,direct,direct,,
ja,kept,Frequent Usage of Common Verbs,With common verbs / Less frequent common verbs,direct,direct,,
ja,kept,Usage of Pronouns,With pronouns / Less frequent pronouns,direct,direct,,
ja,kept,Usage of Prepositions,With prepositions / Less frequent prepositions,adapt,drop,PREP_ADAPT,Use Japanese particles/postpositions rather than English-like prepositions.
ja,kept,Frequent Usage of Determiners,With determiners / Less frequent determiners,direct,direct,,
ja,kept,Usage of Conjunctions,With conjunctions / Less frequent conjunctions,direct,direct,,
ja,kept,Usage of Nominalizations,With nominalizations / Without nominalizations,direct,direct,,
ja,kept,Usage of Long Words,Long average word length / Short average word length,adapt,drop,WORDLEN_ADAPT,Adapt long-word contrast to long orthographic/morpheme-heavy expressions rather than whitespace-delimited word length.
ja,kept,Usage of Numerical Digits,With digits / Less frequent digits,direct,direct,,
ja,kept,Usage of Uppercase Letters,With uppercase letters / Without uppercase letters,drop,drop,CASE_DROP,Drop casing contrast for uncased scripts or scripts where uppercase/lowercase is not a native style dimension.
ja,kept,Frequent Usage of Punctuation,With frequent punctuation / Less Frequent punctuation,direct,direct,,
ja,kept,Usage of Formal Tone,Formal / Informal,direct,direct,,
ja,kept,Complex Sentence Structure,Complex / Simple,direct,direct,,
ja,kept,Usage of Contractions,With contractions / Without contractions,direct,direct,,
ja,kept,Usage of Numerical Substitution (ex. hello -> h3llo type slang),With number substitution / Without number substitution,adapt,drop,NUMSUB_ADAPT,Adapt to Japanese phonetic number substitutions rather than Latin leetspeak.
ja,kept,Usage of Only Lowercase Letters (all lowercase style),All Lower Case / Proper Capitalization,drop,drop,CASE_DROP,Drop casing contrast for uncased scripts or scripts where uppercase/lowercase is not a native style dimension.
ja,kept,Usage of Only Uppercase Letters (all uppercase style),All Upper Case / Proper Capitalization,drop,drop,CASE_DROP,Drop casing contrast for uncased scripts or scripts where uppercase/lowercase is not a native style dimension.
ja,kept,Presence of Misspelled Words,Sentence With a Few Misspelled Words / Normal Sentence,direct,direct,,
ja,kept,Usage of Text Emojis (ex. :-D type emoticons),Text Emojis / No Emojis,direct,direct,,
ja,kept,Usage of Emojis,With Emojis / No Emojis,direct,direct,,
ka,kept,Usage of Polite Tone,Polite / Impolite,direct,direct,,
ka,kept,Incorporation of Humor,With Humor / Without Humor,direct,direct,,
ka,kept,Usage of Sarcasm,With sarcasm / Without sarcasm,direct,direct,,
ka,kept,Usage of Metaphors,With metaphor / Without metaphor,direct,direct,,
ka,kept,Usage of Offensive Language,Offensive / Non-Offensive,direct,direct,,
ka,kept,Positive Sentiment Expression,Positive / Negative,direct,direct,,
ka,kept,Usage of Active Voice,Active / Passive,direct,direct,,
ka,kept,"Usage of Certain Tone (lack of uncertain words/phrases like 'I think', 'might', 'seems')",Certain / Uncertain,direct,direct,,
ka,kept,Usage of Self-Focused Perspective or Words,Self-focused / Inclusive-focused | Self-focused / You-focused | Self-focused / Third-person singular,direct,direct,,
ka,kept,Usage of Self-Focused Language,Self-focused / Audience-focused,direct,direct,,
ka,kept,Usage of Personal Pronouns,With personal pronouns / Less frequent pronouns,direct,direct,,
ka,kept,Usage of Present Tense and Present-Focused Words,Present-focused / Future-focused,direct,direct,,
ka,kept,Usage of Present-Focused Tense and Words,Present-focused / Past-focused,direct,direct,,
ka,kept,Usage of Words Indicating Affective Processes,Affective processes / Cognitive processes,direct,direct,,
ka,kept,Usage of Words Indicating Affective Process,Affective process / Perceptual process,direct,direct,,
ka,kept,Usage of Words Indicating Cognitive Processes,Cognitive process / Perceptual process,direct,direct,,
ka,kept,Usage of Articles,With articles / Less frequent articles,drop,drop,ART_DROP,Drop article contrast because the language lacks a stable article category comparable to English a/an/the.
ka,kept,Fluency in Sentence Construction,Fluent sentence / Disfluent sentence,direct,direct,,
ka,kept,Frequent Usage of Function Words,With function words / Less frequent function words,direct,direct,,
ka,kept,Frequent Usage of Common Verbs,With common verbs / Less frequent common verbs,direct,direct,,
ka,kept,Usage of Pronouns,With pronouns / Less frequent pronouns,direct,direct,,
ka,kept,Usage of Prepositions,With prepositions / Less frequent prepositions,adapt,drop,PREP_ADAPT,"Adapt preposition frequency to adpositions, postpositions, case suffixes, or case particles used for the same grammatical relations."
ka,kept,Frequent Usage of Determiners,With determiners / Less frequent determiners,direct,direct,,
ka,kept,Usage of Conjunctions,With conjunctions / Less frequent conjunctions,direct,direct,,
ka,kept,Usage of Nominalizations,With nominalizations / Without nominalizations,direct,direct,,
ka,kept,Usage of Long Words,Long average word length / Short average word length,direct,direct,,
ka,kept,Usage of Numerical Digits,With digits / Less frequent digits,direct,direct,,
ka,kept,Usage of Uppercase Letters,With uppercase letters / Without uppercase letters,drop,drop,CASE_DROP,Drop casing contrast for uncased scripts or scripts where uppercase/lowercase is not a native style dimension.
ka,kept,Frequent Usage of Punctuation,With frequent punctuation / Less Frequent punctuation,direct,direct,,
ka,kept,Usage of Formal Tone,Formal / Informal,direct,direct,,
ka,kept,Complex Sentence Structure,Complex / Simple,direct,direct,,
ka,kept,Usage of Contractions,With contractions / Without contractions,direct,direct,,
ka,kept,Usage of Numerical Substitution (ex. hello -> h3llo type slang),With number substitution / Without number substitution,drop,drop,NUMSUB_DROP,Drop numerical substitution because a robust local digit-substitution convention was not assumed for this pass.
ka,kept,Usage of Only Lowercase Letters (all lowercase style),All Lower Case / Proper Capitalization,drop,drop,CASE_DROP,Drop casing contrast for uncased scripts or scripts where uppercase/lowercase is not a native style dimension.
ka,kept,Usage of Only Uppercase Letters (all uppercase style),All Upper Case / Proper Capitalization,drop,drop,CASE_DROP,Drop casing contrast for uncased scripts or scripts where uppercase/lowercase is not a native style dimension.
ka,kept,Presence of Misspelled Words,Sentence With a Few Misspelled Words / Normal Sentence,direct,direct,,
ka,kept,Usage of Text Emojis (ex. :-D type emoticons),Text Emojis / No Emojis,direct,direct,,
ka,kept,Usage of Emojis,With Emojis / No Emojis,direct,direct,,
kk,kept,Usage of Polite Tone,Polite / Impolite,direct,direct,,
kk,kept,Incorporation of Humor,With Humor / Without Humor,direct,direct,,
kk,kept,Usage of Sarcasm,With sarcasm / Without sarcasm,direct,direct,,
kk,kept,Usage of Metaphors,With metaphor / Without metaphor,direct,direct,,
kk,kept,Usage of Offensive Language,Offensive / Non-Offensive,direct,direct,,
kk,kept,Positive Sentiment Expression,Positive / Negative,direct,direct,,
kk,kept,Usage of Active Voice,Active / Passive,direct,direct,,
kk,kept,"Usage of Certain Tone (lack of uncertain words/phrases like 'I think', 'might', 'seems')",Certain / Uncertain,direct,direct,,
kk,kept,Usage of Self-Focused Perspective or Words,Self-focused / Inclusive-focused | Self-focused / You-focused | Self-focused / Third-person singular,direct,direct,,
kk,kept,Usage of Self-Focused Language,Self-focused / Audience-focused,direct,direct,,
kk,kept,Usage of Personal Pronouns,With personal pronouns / Less frequent pronouns,direct,direct,,
kk,kept,Usage of Present Tense and Present-Focused Words,Present-focused / Future-focused,direct,direct,,
kk,kept,Usage of Present-Focused Tense and Words,Present-focused / Past-focused,direct,direct,,
kk,kept,Usage of Words Indicating Affective Processes,Affective processes / Cognitive processes,direct,direct,,
kk,kept,Usage of Words Indicating Affective Process,Affective process / Perceptual process,direct,direct,,
kk,kept,Usage of Words Indicating Cognitive Processes,Cognitive process / Perceptual process,direct,direct,,
kk,kept,Usage of Articles,With articles / Less frequent articles,drop,drop,ART_DROP,Drop article contrast because the language lacks a stable article category comparable to English a/an/the.
kk,kept,Fluency in Sentence Construction,Fluent sentence / Disfluent sentence,direct,direct,,
kk,kept,Frequent Usage of Function Words,With function words / Less frequent function words,direct,direct,,
kk,kept,Frequent Usage of Common Verbs,With common verbs / Less frequent common verbs,direct,direct,,
kk,kept,Usage of Pronouns,With pronouns / Less frequent pronouns,direct,direct,,
kk,kept,Usage of Prepositions,With prepositions / Less frequent prepositions,adapt,drop,PREP_ADAPT,"Adapt preposition frequency to adpositions, postpositions, case suffixes, or case particles used for the same grammatical relations."
kk,kept,Frequent Usage of Determiners,With determiners / Less frequent determiners,direct,direct,,
kk,kept,Usage of Conjunctions,With conjunctions / Less frequent conjunctions,direct,direct,,
kk,kept,Usage of Nominalizations,With nominalizations / Without nominalizations,direct,direct,,
kk,kept,Usage of Long Words,Long average word length / Short average word length,direct,direct,,
kk,kept,Usage of Numerical Digits,With digits / Less frequent digits,direct,direct,,
kk,kept,Usage of Uppercase Letters,With uppercase letters / Without uppercase letters,direct,direct,,
kk,kept,Frequent Usage of Punctuation,With frequent punctuation / Less Frequent punctuation,direct,direct,,
kk,kept,Usage of Formal Tone,Formal / Informal,direct,direct,,
kk,kept,Complex Sentence Structure,Complex / Simple,direct,direct,,
kk,kept,Usage of Contractions,With contractions / Without contractions,direct,direct,,
kk,kept,Usage of Numerical Substitution (ex. hello -> h3llo type slang),With number substitution / Without number substitution,adapt,drop,NUMSUB_ADAPT,Adapt to local Cyrillic or internet number substitutions; keep strict mode conservative.
kk,kept,Usage of Only Lowercase Letters (all lowercase style),All Lower Case / Proper Capitalization,direct,direct,,
kk,kept,Usage of Only Uppercase Letters (all uppercase style),All Upper Case / Proper Capitalization,direct,direct,,
kk,kept,Presence of Misspelled Words,Sentence With a Few Misspelled Words / Normal Sentence,direct,direct,,
kk,kept,Usage of Text Emojis (ex. :-D type emoticons),Text Emojis / No Emojis,direct,direct,,
kk,kept,Usage of Emojis,With Emojis / No Emojis,direct,direct,,
kn,kept,Usage of Polite Tone,Polite / Impolite,direct,direct,,
kn,kept,Incorporation of Humor,With Humor / Without Humor,direct,direct,,
kn,kept,Usage of Sarcasm,With sarcasm / Without sarcasm,direct,direct,,
kn,kept,Usage of Metaphors,With metaphor / Without metaphor,direct,direct,,
kn,kept,Usage of Offensive Language,Offensive / Non-Offensive,direct,direct,,
kn,kept,Positive Sentiment Expression,Positive / Negative,direct,direct,,
kn,kept,Usage of Active Voice,Active / Passive,direct,direct,,
kn,kept,"Usage of Certain Tone (lack of uncertain words/phrases like 'I think', 'might', 'seems')",Certain / Uncertain,direct,direct,,
kn,kept,Usage of Self-Focused Perspective or Words,Self-focused / Inclusive-focused | Self-focused / You-focused | Self-focused / Third-person singular,direct,direct,,
kn,kept,Usage of Self-Focused Language,Self-focused / Audience-focused,direct,direct,,
kn,kept,Usage of Personal Pronouns,With personal pronouns / Less frequent pronouns,direct,direct,,
kn,kept,Usage of Present Tense and Present-Focused Words,Present-focused / Future-focused,direct,direct,,
kn,kept,Usage of Present-Focused Tense and Words,Present-focused / Past-focused,direct,direct,,
kn,kept,Usage of Words Indicating Affective Processes,Affective processes / Cognitive processes,direct,direct,,
kn,kept,Usage of Words Indicating Affective Process,Affective process / Perceptual process,direct,direct,,
kn,kept,Usage of Words Indicating Cognitive Processes,Cognitive process / Perceptual process,direct,direct,,
kn,kept,Usage of Articles,With articles / Less frequent articles,drop,drop,ART_DROP,Drop article contrast because the language lacks a stable article category comparable to English a/an/the.
kn,kept,Fluency in Sentence Construction,Fluent sentence / Disfluent sentence,direct,direct,,
kn,kept,Frequent Usage of Function Words,With function words / Less frequent function words,direct,direct,,
kn,kept,Frequent Usage of Common Verbs,With common verbs / Less frequent common verbs,direct,direct,,
kn,kept,Usage of Pronouns,With pronouns / Less frequent pronouns,direct,direct,,
kn,kept,Usage of Prepositions,With prepositions / Less frequent prepositions,adapt,drop,PREP_ADAPT,"Adapt preposition frequency to adpositions, postpositions, case suffixes, or case particles used for the same grammatical relations."
kn,kept,Frequent Usage of Determiners,With determiners / Less frequent determiners,direct,direct,,
kn,kept,Usage of Conjunctions,With conjunctions / Less frequent conjunctions,direct,direct,,
kn,kept,Usage of Nominalizations,With nominalizations / Without nominalizations,direct,direct,,
kn,kept,Usage of Long Words,Long average word length / Short average word length,direct,direct,,
kn,kept,Usage of Numerical Digits,With digits / Less frequent digits,direct,direct,,
kn,kept,Usage of Uppercase Letters,With uppercase letters / Without uppercase letters,drop,drop,CASE_DROP,Drop casing contrast for uncased scripts or scripts where uppercase/lowercase is not a native style dimension.
kn,kept,Frequent Usage of Punctuation,With frequent punctuation / Less Frequent punctuation,direct,direct,,
kn,kept,Usage of Formal Tone,Formal / Informal,direct,direct,,
kn,kept,Complex Sentence Structure,Complex / Simple,direct,direct,,
kn,kept,Usage of Contractions,With contractions / Without contractions,direct,direct,,
kn,kept,Usage of Numerical Substitution (ex. hello -> h3llo type slang),With number substitution / Without number substitution,drop,drop,NUMSUB_DROP,Drop numerical substitution because a robust local digit-substitution convention was not assumed for this pass.
kn,kept,Usage of Only Lowercase Letters (all lowercase style),All Lower Case / Proper Capitalization,drop,drop,CASE_DROP,Drop casing contrast for uncased scripts or scripts where uppercase/lowercase is not a native style dimension.
kn,kept,Usage of Only Uppercase Letters (all uppercase style),All Upper Case / Proper Capitalization,drop,drop,CASE_DROP,Drop casing contrast for uncased scripts or scripts where uppercase/lowercase is not a native style dimension.
kn,kept,Presence of Misspelled Words,Sentence With a Few Misspelled Words / Normal Sentence,direct,direct,,
kn,kept,Usage of Text Emojis (ex. :-D type emoticons),Text Emojis / No Emojis,direct,direct,,
kn,kept,Usage of Emojis,With Emojis / No Emojis,direct,direct,,
ko,kept,Usage of Polite Tone,Polite / Impolite,direct,direct,,
ko,kept,Incorporation of Humor,With Humor / Without Humor,direct,direct,,
ko,kept,Usage of Sarcasm,With sarcasm / Without sarcasm,direct,direct,,
ko,kept,Usage of Metaphors,With metaphor / Without metaphor,direct,direct,,
ko,kept,Usage of Offensive Language,Offensive / Non-Offensive,direct,direct,,
ko,kept,Positive Sentiment Expression,Positive / Negative,direct,direct,,
ko,kept,Usage of Active Voice,Active / Passive,direct,direct,,
ko,kept,"Usage of Certain Tone (lack of uncertain words/phrases like 'I think', 'might', 'seems')",Certain / Uncertain,direct,direct,,
ko,kept,Usage of Self-Focused Perspective or Words,Self-focused / Inclusive-focused | Self-focused / You-focused | Self-focused / Third-person singular,direct,direct,,
ko,kept,Usage of Self-Focused Language,Self-focused / Audience-focused,direct,direct,,
ko,kept,Usage of Personal Pronouns,With personal pronouns / Less frequent pronouns,direct,direct,,
ko,kept,Usage of Present Tense and Present-Focused Words,Present-focused / Future-focused,direct,direct,,
ko,kept,Usage of Present-Focused Tense and Words,Present-focused / Past-focused,direct,direct,,
ko,kept,Usage of Words Indicating Affective Processes,Affective processes / Cognitive processes,direct,direct,,
ko,kept,Usage of Words Indicating Affective Process,Affective process / Perceptual process,direct,direct,,
ko,kept,Usage of Words Indicating Cognitive Processes,Cognitive process / Perceptual process,direct,direct,,
ko,kept,Usage of Articles,With articles / Less frequent articles,drop,drop,ART_DROP,Drop article contrast because the language lacks a stable article category comparable to English a/an/the.
ko,kept,Fluency in Sentence Construction,Fluent sentence / Disfluent sentence,direct,direct,,
ko,kept,Frequent Usage of Function Words,With function words / Less frequent function words,direct,direct,,
ko,kept,Frequent Usage of Common Verbs,With common verbs / Less frequent common verbs,direct,direct,,
ko,kept,Usage of Pronouns,With pronouns / Less frequent pronouns,direct,direct,,
ko,kept,Usage of Prepositions,With prepositions / Less frequent prepositions,adapt,drop,PREP_ADAPT,Use Korean particles/postpositions rather than English-like prepositions.
ko,kept,Frequent Usage of Determiners,With determiners / Less frequent determiners,direct,direct,,
ko,kept,Usage of Conjunctions,With conjunctions / Less frequent conjunctions,direct,direct,,
ko,kept,Usage of Nominalizations,With nominalizations / Without nominalizations,direct,direct,,
ko,kept,Usage of Long Words,Long average word length / Short average word length,direct,direct,,
ko,kept,Usage of Numerical Digits,With digits / Less frequent digits,direct,direct,,
ko,kept,Usage of Uppercase Letters,With uppercase letters / Without uppercase letters,drop,drop,CASE_DROP,Drop casing contrast for uncased scripts or scripts where uppercase/lowercase is not a native style dimension.
ko,kept,Frequent Usage of Punctuation,With frequent punctuation / Less Frequent punctuation,direct,direct,,
ko,kept,Usage of Formal Tone,Formal / Informal,direct,direct,,
ko,kept,Complex Sentence Structure,Complex / Simple,direct,direct,,
ko,kept,Usage of Contractions,With contractions / Without contractions,direct,direct,,
ko,kept,Usage of Numerical Substitution (ex. hello -> h3llo type slang),With number substitution / Without number substitution,adapt,drop,NUMSUB_ADAPT,Adapt to Korean phonetic or keyboard/internet number substitutions where natural.
ko,kept,Usage of Only Lowercase Letters (all lowercase style),All Lower Case / Proper Capitalization,drop,drop,CASE_DROP,Drop casing contrast for uncased scripts or scripts where uppercase/lowercase is not a native style dimension.
ko,kept,Usage of Only Uppercase Letters (all uppercase style),All Upper Case / Proper Capitalization,drop,drop,CASE_DROP,Drop casing contrast for uncased scripts or scripts where uppercase/lowercase is not a native style dimension.
ko,kept,Presence of Misspelled Words,Sentence With a Few Misspelled Words / Normal Sentence,direct,direct,,
ko,kept,Usage of Text Emojis (ex. :-D type emoticons),Text Emojis / No Emojis,direct,direct,,
ko,kept,Usage of Emojis,With Emojis / No Emojis,direct,direct,,
ky,kept,Usage of Polite Tone,Polite / Impolite,direct,direct,,
ky,kept,Incorporation of Humor,With Humor / Without Humor,direct,direct,,
ky,kept,Usage of Sarcasm,With sarcasm / Without sarcasm,direct,direct,,
ky,kept,Usage of Metaphors,With metaphor / Without metaphor,direct,direct,,
ky,kept,Usage of Offensive Language,Offensive / Non-Offensive,direct,direct,,
ky,kept,Positive Sentiment Expression,Positive / Negative,direct,direct,,
ky,kept,Usage of Active Voice,Active / Passive,direct,direct,,
ky,kept,"Usage of Certain Tone (lack of uncertain words/phrases like 'I think', 'might', 'seems')",Certain / Uncertain,direct,direct,,
ky,kept,Usage of Self-Focused Perspective or Words,Self-focused / Inclusive-focused | Self-focused / You-focused | Self-focused / Third-person singular,direct,direct,,
ky,kept,Usage of Self-Focused Language,Self-focused / Audience-focused,direct,direct,,
ky,kept,Usage of Personal Pronouns,With personal pronouns / Less frequent pronouns,direct,direct,,
ky,kept,Usage of Present Tense and Present-Focused Words,Present-focused / Future-focused,direct,direct,,
ky,kept,Usage of Present-Focused Tense and Words,Present-focused / Past-focused,direct,direct,,
ky,kept,Usage of Words Indicating Affective Processes,Affective processes / Cognitive processes,direct,direct,,
ky,kept,Usage of Words Indicating Affective Process,Affective process / Perceptual process,direct,direct,,
ky,kept,Usage of Words Indicating Cognitive Processes,Cognitive process / Perceptual process,direct,direct,,
ky,kept,Usage of Articles,With articles / Less frequent articles,drop,drop,ART_DROP,Drop article contrast because the language lacks a stable article category comparable to English a/an/the.
ky,kept,Fluency in Sentence Construction,Fluent sentence / Disfluent sentence,direct,direct,,
ky,kept,Frequent Usage of Function Words,With function words / Less frequent function words,direct,direct,,
ky,kept,Frequent Usage of Common Verbs,With common verbs / Less frequent common verbs,direct,direct,,
ky,kept,Usage of Pronouns,With pronouns / Less frequent pronouns,direct,direct,,
ky,kept,Usage of Prepositions,With prepositions / Less frequent prepositions,adapt,drop,PREP_ADAPT,"Adapt preposition frequency to adpositions, postpositions, case suffixes, or case particles used for the same grammatical relations."
ky,kept,Frequent Usage of Determiners,With determiners / Less frequent determiners,direct,direct,,
ky,kept,Usage of Conjunctions,With conjunctions / Less frequent conjunctions,direct,direct,,
ky,kept,Usage of Nominalizations,With nominalizations / Without nominalizations,direct,direct,,
ky,kept,Usage of Long Words,Long average word length / Short average word length,direct,direct,,
ky,kept,Usage of Numerical Digits,With digits / Less frequent digits,direct,direct,,
ky,kept,Usage of Uppercase Letters,With uppercase letters / Without uppercase letters,direct,direct,,
ky,kept,Frequent Usage of Punctuation,With frequent punctuation / Less Frequent punctuation,direct,direct,,
ky,kept,Usage of Formal Tone,Formal / Informal,direct,direct,,
ky,kept,Complex Sentence Structure,Complex / Simple,direct,direct,,
ky,kept,Usage of Contractions,With contractions / Without contractions,direct,direct,,
ky,kept,Usage of Numerical Substitution (ex. hello -> h3llo type slang),With number substitution / Without number substitution,adapt,drop,NUMSUB_ADAPT,Adapt to local Cyrillic or internet number substitutions; keep strict mode conservative.
ky,kept,Usage of Only Lowercase Letters (all lowercase style),All Lower Case / Proper Capitalization,direct,direct,,
ky,kept,Usage of Only Uppercase Letters (all uppercase style),All Upper Case / Proper Capitalization,direct,direct,,
ky,kept,Presence of Misspelled Words,Sentence With a Few Misspelled Words / Normal Sentence,direct,direct,,
ky,kept,Usage of Text Emojis (ex. :-D type emoticons),Text Emojis / No Emojis,direct,direct,,
ky,kept,Usage of Emojis,With Emojis / No Emojis,direct,direct,,
la,dropped_quality,Usage of Polite Tone,Polite / Impolite,direct,direct,,
la,dropped_quality,Incorporation of Humor,With Humor / Without Humor,direct,direct,,
la,dropped_quality,Usage of Sarcasm,With sarcasm / Without sarcasm,direct,direct,,
la,dropped_quality,Usage of Metaphors,With metaphor / Without metaphor,direct,direct,,
la,dropped_quality,Usage of Offensive Language,Offensive / Non-Offensive,direct,direct,,
la,dropped_quality,Positive Sentiment Expression,Positive / Negative,direct,direct,,
la,dropped_quality,Usage of Active Voice,Active / Passive,direct,direct,,
la,dropped_quality,"Usage of Certain Tone (lack of uncertain words/phrases like 'I think', 'might', 'seems')",Certain / Uncertain,direct,direct,,
la,dropped_quality,Usage of Self-Focused Perspective or Words,Self-focused / Inclusive-focused | Self-focused / You-focused | Self-focused / Third-person singular,direct,direct,,
la,dropped_quality,Usage of Self-Focused Language,Self-focused / Audience-focused,direct,direct,,
la,dropped_quality,Usage of Personal Pronouns,With personal pronouns / Less frequent pronouns,direct,direct,,
la,dropped_quality,Usage of Present Tense and Present-Focused Words,Present-focused / Future-focused,direct,direct,,
la,dropped_quality,Usage of Present-Focused Tense and Words,Present-focused / Past-focused,direct,direct,,
la,dropped_quality,Usage of Words Indicating Affective Processes,Affective processes / Cognitive processes,direct,direct,,
la,dropped_quality,Usage of Words Indicating Affective Process,Affective process / Perceptual process,direct,direct,,
la,dropped_quality,Usage of Words Indicating Cognitive Processes,Cognitive process / Perceptual process,direct,direct,,
la,dropped_quality,Usage of Articles,With articles / Less frequent articles,drop,drop,ART_DROP,Drop article contrast because the language lacks a stable article category comparable to English a/an/the.
la,dropped_quality,Fluency in Sentence Construction,Fluent sentence / Disfluent sentence,direct,direct,,
la,dropped_quality,Frequent Usage of Function Words,With function words / Less frequent function words,direct,direct,,
la,dropped_quality,Frequent Usage of Common Verbs,With common verbs / Less frequent common verbs,direct,direct,,
la,dropped_quality,Usage of Pronouns,With pronouns / Less frequent pronouns,direct,direct,,
la,dropped_quality,Usage of Prepositions,With prepositions / Less frequent prepositions,direct,direct,,
la,dropped_quality,Frequent Usage of Determiners,With determiners / Less frequent determiners,direct,direct,,
la,dropped_quality,Usage of Conjunctions,With conjunctions / Less frequent conjunctions,direct,direct,,
la,dropped_quality,Usage of Nominalizations,With nominalizations / Without nominalizations,direct,direct,,
la,dropped_quality,Usage of Long Words,Long average word length / Short average word length,direct,direct,,
la,dropped_quality,Usage of Numerical Digits,With digits / Less frequent digits,direct,direct,,
la,dropped_quality,Usage of Uppercase Letters,With uppercase letters / Without uppercase letters,direct,direct,,
la,dropped_quality,Frequent Usage of Punctuation,With frequent punctuation / Less Frequent punctuation,direct,direct,,
la,dropped_quality,Usage of Formal Tone,Formal / Informal,direct,direct,,
la,dropped_quality,Complex Sentence Structure,Complex / Simple,direct,direct,,
la,dropped_quality,Usage of Contractions,With contractions / Without contractions,direct,direct,,
la,dropped_quality,Usage of Numerical Substitution (ex. hello -> h3llo type slang),With number substitution / Without number substitution,direct,direct,,
la,dropped_quality,Usage of Only Lowercase Letters (all lowercase style),All Lower Case / Proper Capitalization,direct,direct,,
la,dropped_quality,Usage of Only Uppercase Letters (all uppercase style),All Upper Case / Proper Capitalization,direct,direct,,
la,dropped_quality,Presence of Misspelled Words,Sentence With a Few Misspelled Words / Normal Sentence,direct,direct,,
la,dropped_quality,Usage of Text Emojis (ex. :-D type emoticons),Text Emojis / No Emojis,direct,direct,,
la,dropped_quality,Usage of Emojis,With Emojis / No Emojis,direct,direct,,
lt,kept,Usage of Polite Tone,Polite / Impolite,direct,direct,,
lt,kept,Incorporation of Humor,With Humor / Without Humor,direct,direct,,
lt,kept,Usage of Sarcasm,With sarcasm / Without sarcasm,direct,direct,,
lt,kept,Usage of Metaphors,With metaphor / Without metaphor,direct,direct,,
lt,kept,Usage of Offensive Language,Offensive / Non-Offensive,direct,direct,,
lt,kept,Positive Sentiment Expression,Positive / Negative,direct,direct,,
lt,kept,Usage of Active Voice,Active / Passive,direct,direct,,
lt,kept,"Usage of Certain Tone (lack of uncertain words/phrases like 'I think', 'might', 'seems')",Certain / Uncertain,direct,direct,,
lt,kept,Usage of Self-Focused Perspective or Words,Self-focused / Inclusive-focused | Self-focused / You-focused | Self-focused / Third-person singular,direct,direct,,
lt,kept,Usage of Self-Focused Language,Self-focused / Audience-focused,direct,direct,,
lt,kept,Usage of Personal Pronouns,With personal pronouns / Less frequent pronouns,direct,direct,,
lt,kept,Usage of Present Tense and Present-Focused Words,Present-focused / Future-focused,direct,direct,,
lt,kept,Usage of Present-Focused Tense and Words,Present-focused / Past-focused,direct,direct,,
lt,kept,Usage of Words Indicating Affective Processes,Affective processes / Cognitive processes,direct,direct,,
lt,kept,Usage of Words Indicating Affective Process,Affective process / Perceptual process,direct,direct,,
lt,kept,Usage of Words Indicating Cognitive Processes,Cognitive process / Perceptual process,direct,direct,,
lt,kept,Usage of Articles,With articles / Less frequent articles,drop,drop,ART_DROP,Drop article contrast because the language lacks a stable article category comparable to English a/an/the.
lt,kept,Fluency in Sentence Construction,Fluent sentence / Disfluent sentence,direct,direct,,
lt,kept,Frequent Usage of Function Words,With function words / Less frequent function words,direct,direct,,
lt,kept,Frequent Usage of Common Verbs,With common verbs / Less frequent common verbs,direct,direct,,
lt,kept,Usage of Pronouns,With pronouns / Less frequent pronouns,direct,direct,,
lt,kept,Usage of Prepositions,With prepositions / Less frequent prepositions,direct,direct,,
lt,kept,Frequent Usage of Determiners,With determiners / Less frequent determiners,direct,direct,,
lt,kept,Usage of Conjunctions,With conjunctions / Less frequent conjunctions,direct,direct,,
lt,kept,Usage of Nominalizations,With nominalizations / Without nominalizations,direct,direct,,
lt,kept,Usage of Long Words,Long average word length / Short average word length,direct,direct,,
lt,kept,Usage of Numerical Digits,With digits / Less frequent digits,direct,direct,,
lt,kept,Usage of Uppercase Letters,With uppercase letters / Without uppercase letters,direct,direct,,
lt,kept,Frequent Usage of Punctuation,With frequent punctuation / Less Frequent punctuation,direct,direct,,
lt,kept,Usage of Formal Tone,Formal / Informal,direct,direct,,
lt,kept,Complex Sentence Structure,Complex / Simple,direct,direct,,
lt,kept,Usage of Contractions,With contractions / Without contractions,direct,direct,,
lt,kept,Usage of Numerical Substitution (ex. hello -> h3llo type slang),With number substitution / Without number substitution,direct,direct,,
lt,kept,Usage of Only Lowercase Letters (all lowercase style),All Lower Case / Proper Capitalization,direct,direct,,
lt,kept,Usage of Only Uppercase Letters (all uppercase style),All Upper Case / Proper Capitalization,direct,direct,,
lt,kept,Presence of Misspelled Words,Sentence With a Few Misspelled Words / Normal Sentence,direct,direct,,
lt,kept,Usage of Text Emojis (ex. :-D type emoticons),Text Emojis / No Emojis,direct,direct,,
lt,kept,Usage of Emojis,With Emojis / No Emojis,direct,direct,,
lv,kept,Usage of Polite Tone,Polite / Impolite,direct,direct,,
lv,kept,Incorporation of Humor,With Humor / Without Humor,direct,direct,,
lv,kept,Usage of Sarcasm,With sarcasm / Without sarcasm,direct,direct,,
lv,kept,Usage of Metaphors,With metaphor / Without metaphor,direct,direct,,
lv,kept,Usage of Offensive Language,Offensive / Non-Offensive,direct,direct,,
lv,kept,Positive Sentiment Expression,Positive / Negative,direct,direct,,
lv,kept,Usage of Active Voice,Active / Passive,direct,direct,,
lv,kept,"Usage of Certain Tone (lack of uncertain words/phrases like 'I think', 'might', 'seems')",Certain / Uncertain,direct,direct,,
lv,kept,Usage of Self-Focused Perspective or Words,Self-focused / Inclusive-focused | Self-focused / You-focused | Self-focused / Third-person singular,direct,direct,,
lv,kept,Usage of Self-Focused Language,Self-focused / Audience-focused,direct,direct,,
lv,kept,Usage of Personal Pronouns,With personal pronouns / Less frequent pronouns,direct,direct,,
lv,kept,Usage of Present Tense and Present-Focused Words,Present-focused / Future-focused,direct,direct,,
lv,kept,Usage of Present-Focused Tense and Words,Present-focused / Past-focused,direct,direct,,
lv,kept,Usage of Words Indicating Affective Processes,Affective processes / Cognitive processes,direct,direct,,
lv,kept,Usage of Words Indicating Affective Process,Affective process / Perceptual process,direct,direct,,
lv,kept,Usage of Words Indicating Cognitive Processes,Cognitive process / Perceptual process,direct,direct,,
lv,kept,Usage of Articles,With articles / Less frequent articles,drop,drop,ART_DROP,Drop article contrast because the language lacks a stable article category comparable to English a/an/the.
lv,kept,Fluency in Sentence Construction,Fluent sentence / Disfluent sentence,direct,direct,,
lv,kept,Frequent Usage of Function Words,With function words / Less frequent function words,direct,direct,,
lv,kept,Frequent Usage of Common Verbs,With common verbs / Less frequent common verbs,direct,direct,,
lv,kept,Usage of Pronouns,With pronouns / Less frequent pronouns,direct,direct,,
lv,kept,Usage of Prepositions,With prepositions / Less frequent prepositions,direct,direct,,
lv,kept,Frequent Usage of Determiners,With determiners / Less frequent determiners,direct,direct,,
lv,kept,Usage of Conjunctions,With conjunctions / Less frequent conjunctions,direct,direct,,
lv,kept,Usage of Nominalizations,With nominalizations / Without nominalizations,direct,direct,,
lv,kept,Usage of Long Words,Long average word length / Short average word length,direct,direct,,
lv,kept,Usage of Numerical Digits,With digits / Less frequent digits,direct,direct,,
lv,kept,Usage of Uppercase Letters,With uppercase letters / Without uppercase letters,direct,direct,,
lv,kept,Frequent Usage of Punctuation,With frequent punctuation / Less Frequent punctuation,direct,direct,,
lv,kept,Usage of Formal Tone,Formal / Informal,direct,direct,,
lv,kept,Complex Sentence Structure,Complex / Simple,direct,direct,,
lv,kept,Usage of Contractions,With contractions / Without contractions,direct,direct,,
lv,kept,Usage of Numerical Substitution (ex. hello -> h3llo type slang),With number substitution / Without number substitution,direct,direct,,
lv,kept,Usage of Only Lowercase Letters (all lowercase style),All Lower Case / Proper Capitalization,direct,direct,,
lv,kept,Usage of Only Uppercase Letters (all uppercase style),All Upper Case / Proper Capitalization,direct,direct,,
lv,kept,Presence of Misspelled Words,Sentence With a Few Misspelled Words / Normal Sentence,direct,direct,,
lv,kept,Usage of Text Emojis (ex. :-D type emoticons),Text Emojis / No Emojis,direct,direct,,
lv,kept,Usage of Emojis,With Emojis / No Emojis,direct,direct,,
mk,kept,Usage of Polite Tone,Polite / Impolite,direct,direct,,
mk,kept,Incorporation of Humor,With Humor / Without Humor,direct,direct,,
mk,kept,Usage of Sarcasm,With sarcasm / Without sarcasm,direct,direct,,
mk,kept,Usage of Metaphors,With metaphor / Without metaphor,direct,direct,,
mk,kept,Usage of Offensive Language,Offensive / Non-Offensive,direct,direct,,
mk,kept,Positive Sentiment Expression,Positive / Negative,direct,direct,,
mk,kept,Usage of Active Voice,Active / Passive,direct,direct,,
mk,kept,"Usage of Certain Tone (lack of uncertain words/phrases like 'I think', 'might', 'seems')",Certain / Uncertain,direct,direct,,
mk,kept,Usage of Self-Focused Perspective or Words,Self-focused / Inclusive-focused | Self-focused / You-focused | Self-focused / Third-person singular,direct,direct,,
mk,kept,Usage of Self-Focused Language,Self-focused / Audience-focused,direct,direct,,
mk,kept,Usage of Personal Pronouns,With personal pronouns / Less frequent pronouns,direct,direct,,
mk,kept,Usage of Present Tense and Present-Focused Words,Present-focused / Future-focused,direct,direct,,
mk,kept,Usage of Present-Focused Tense and Words,Present-focused / Past-focused,direct,direct,,
mk,kept,Usage of Words Indicating Affective Processes,Affective processes / Cognitive processes,direct,direct,,
mk,kept,Usage of Words Indicating Affective Process,Affective process / Perceptual process,direct,direct,,
mk,kept,Usage of Words Indicating Cognitive Processes,Cognitive process / Perceptual process,direct,direct,,
mk,kept,Usage of Articles,With articles / Less frequent articles,direct,direct,,
mk,kept,Fluency in Sentence Construction,Fluent sentence / Disfluent sentence,direct,direct,,
mk,kept,Frequent Usage of Function Words,With function words / Less frequent function words,direct,direct,,
mk,kept,Frequent Usage of Common Verbs,With common verbs / Less frequent common verbs,direct,direct,,
mk,kept,Usage of Pronouns,With pronouns / Less frequent pronouns,direct,direct,,
mk,kept,Usage of Prepositions,With prepositions / Less frequent prepositions,direct,direct,,
mk,kept,Frequent Usage of Determiners,With determiners / Less frequent determiners,direct,direct,,
mk,kept,Usage of Conjunctions,With conjunctions / Less frequent conjunctions,direct,direct,,
mk,kept,Usage of Nominalizations,With nominalizations / Without nominalizations,direct,direct,,
mk,kept,Usage of Long Words,Long average word length / Short average word length,direct,direct,,
mk,kept,Usage of Numerical Digits,With digits / Less frequent digits,direct,direct,,
mk,kept,Usage of Uppercase Letters,With uppercase letters / Without uppercase letters,direct,direct,,
mk,kept,Frequent Usage of Punctuation,With frequent punctuation / Less Frequent punctuation,direct,direct,,
mk,kept,Usage of Formal Tone,Formal / Informal,direct,direct,,
mk,kept,Complex Sentence Structure,Complex / Simple,direct,direct,,
mk,kept,Usage of Contractions,With contractions / Without contractions,direct,direct,,
mk,kept,Usage of Numerical Substitution (ex. hello -> h3llo type slang),With number substitution / Without number substitution,adapt,drop,NUMSUB_ADAPT,Adapt to local Cyrillic or internet number substitutions; keep strict mode conservative.
mk,kept,Usage of Only Lowercase Letters (all lowercase style),All Lower Case / Proper Capitalization,direct,direct,,
mk,kept,Usage of Only Uppercase Letters (all uppercase style),All Upper Case / Proper Capitalization,direct,direct,,
mk,kept,Presence of Misspelled Words,Sentence With a Few Misspelled Words / Normal Sentence,direct,direct,,
mk,kept,Usage of Text Emojis (ex. :-D type emoticons),Text Emojis / No Emojis,direct,direct,,
mk,kept,Usage of Emojis,With Emojis / No Emojis,direct,direct,,
ml,kept,Usage of Polite Tone,Polite / Impolite,direct,direct,,
ml,kept,Incorporation of Humor,With Humor / Without Humor,direct,direct,,
ml,kept,Usage of Sarcasm,With sarcasm / Without sarcasm,direct,direct,,
ml,kept,Usage of Metaphors,With metaphor / Without metaphor,direct,direct,,
ml,kept,Usage of Offensive Language,Offensive / Non-Offensive,direct,direct,,
ml,kept,Positive Sentiment Expression,Positive / Negative,direct,direct,,
ml,kept,Usage of Active Voice,Active / Passive,direct,direct,,
ml,kept,"Usage of Certain Tone (lack of uncertain words/phrases like 'I think', 'might', 'seems')",Certain / Uncertain,direct,direct,,
ml,kept,Usage of Self-Focused Perspective or Words,Self-focused / Inclusive-focused | Self-focused / You-focused | Self-focused / Third-person singular,direct,direct,,
ml,kept,Usage of Self-Focused Language,Self-focused / Audience-focused,direct,direct,,
ml,kept,Usage of Personal Pronouns,With personal pronouns / Less frequent pronouns,direct,direct,,
ml,kept,Usage of Present Tense and Present-Focused Words,Present-focused / Future-focused,direct,direct,,
ml,kept,Usage of Present-Focused Tense and Words,Present-focused / Past-focused,direct,direct,,
ml,kept,Usage of Words Indicating Affective Processes,Affective processes / Cognitive processes,direct,direct,,
ml,kept,Usage of Words Indicating Affective Process,Affective process / Perceptual process,direct,direct,,
ml,kept,Usage of Words Indicating Cognitive Processes,Cognitive process / Perceptual process,direct,direct,,
ml,kept,Usage of Articles,With articles / Less frequent articles,drop,drop,ART_DROP,Drop article contrast because the language lacks a stable article category comparable to English a/an/the.
ml,kept,Fluency in Sentence Construction,Fluent sentence / Disfluent sentence,direct,direct,,
ml,kept,Frequent Usage of Function Words,With function words / Less frequent function words,direct,direct,,
ml,kept,Frequent Usage of Common Verbs,With common verbs / Less frequent common verbs,direct,direct,,
ml,kept,Usage of Pronouns,With pronouns / Less frequent pronouns,direct,direct,,
ml,kept,Usage of Prepositions,With prepositions / Less frequent prepositions,adapt,drop,PREP_ADAPT,"Adapt preposition frequency to adpositions, postpositions, case suffixes, or case particles used for the same grammatical relations."
ml,kept,Frequent Usage of Determiners,With determiners / Less frequent determiners,direct,direct,,
ml,kept,Usage of Conjunctions,With conjunctions / Less frequent conjunctions,direct,direct,,
ml,kept,Usage of Nominalizations,With nominalizations / Without nominalizations,direct,direct,,
ml,kept,Usage of Long Words,Long average word length / Short average word length,direct,direct,,
ml,kept,Usage of Numerical Digits,With digits / Less frequent digits,direct,direct,,
ml,kept,Usage of Uppercase Letters,With uppercase letters / Without uppercase letters,drop,drop,CASE_DROP,Drop casing contrast for uncased scripts or scripts where uppercase/lowercase is not a native style dimension.
ml,kept,Frequent Usage of Punctuation,With frequent punctuation / Less Frequent punctuation,direct,direct,,
ml,kept,Usage of Formal Tone,Formal / Informal,direct,direct,,
ml,kept,Complex Sentence Structure,Complex / Simple,direct,direct,,
ml,kept,Usage of Contractions,With contractions / Without contractions,direct,direct,,
ml,kept,Usage of Numerical Substitution (ex. hello -> h3llo type slang),With number substitution / Without number substitution,drop,drop,NUMSUB_DROP,Drop numerical substitution because a robust local digit-substitution convention was not assumed for this pass.
ml,kept,Usage of Only Lowercase Letters (all lowercase style),All Lower Case / Proper Capitalization,drop,drop,CASE_DROP,Drop casing contrast for uncased scripts or scripts where uppercase/lowercase is not a native style dimension.
ml,kept,Usage of Only Uppercase Letters (all uppercase style),All Upper Case / Proper Capitalization,drop,drop,CASE_DROP,Drop casing contrast for uncased scripts or scripts where uppercase/lowercase is not a native style dimension.
ml,kept,Presence of Misspelled Words,Sentence With a Few Misspelled Words / Normal Sentence,direct,direct,,
ml,kept,Usage of Text Emojis (ex. :-D type emoticons),Text Emojis / No Emojis,direct,direct,,
ml,kept,Usage of Emojis,With Emojis / No Emojis,direct,direct,,
mn,dropped_quality,Usage of Polite Tone,Polite / Impolite,direct,direct,,
mn,dropped_quality,Incorporation of Humor,With Humor / Without Humor,direct,direct,,
mn,dropped_quality,Usage of Sarcasm,With sarcasm / Without sarcasm,direct,direct,,
mn,dropped_quality,Usage of Metaphors,With metaphor / Without metaphor,direct,direct,,
mn,dropped_quality,Usage of Offensive Language,Offensive / Non-Offensive,direct,direct,,
mn,dropped_quality,Positive Sentiment Expression,Positive / Negative,direct,direct,,
mn,dropped_quality,Usage of Active Voice,Active / Passive,direct,direct,,
mn,dropped_quality,"Usage of Certain Tone (lack of uncertain words/phrases like 'I think', 'might', 'seems')",Certain / Uncertain,direct,direct,,
mn,dropped_quality,Usage of Self-Focused Perspective or Words,Self-focused / Inclusive-focused | Self-focused / You-focused | Self-focused / Third-person singular,direct,direct,,
mn,dropped_quality,Usage of Self-Focused Language,Self-focused / Audience-focused,direct,direct,,
mn,dropped_quality,Usage of Personal Pronouns,With personal pronouns / Less frequent pronouns,direct,direct,,
mn,dropped_quality,Usage of Present Tense and Present-Focused Words,Present-focused / Future-focused,direct,direct,,
mn,dropped_quality,Usage of Present-Focused Tense and Words,Present-focused / Past-focused,direct,direct,,
mn,dropped_quality,Usage of Words Indicating Affective Processes,Affective processes / Cognitive processes,direct,direct,,
mn,dropped_quality,Usage of Words Indicating Affective Process,Affective process / Perceptual process,direct,direct,,
mn,dropped_quality,Usage of Words Indicating Cognitive Processes,Cognitive process / Perceptual process,direct,direct,,
mn,dropped_quality,Usage of Articles,With articles / Less frequent articles,drop,drop,ART_DROP,Drop article contrast because the language lacks a stable article category comparable to English a/an/the.
mn,dropped_quality,Fluency in Sentence Construction,Fluent sentence / Disfluent sentence,direct,direct,,
mn,dropped_quality,Frequent Usage of Function Words,With function words / Less frequent function words,direct,direct,,
mn,dropped_quality,Frequent Usage of Common Verbs,With common verbs / Less frequent common verbs,direct,direct,,
mn,dropped_quality,Usage of Pronouns,With pronouns / Less frequent pronouns,direct,direct,,
mn,dropped_quality,Usage of Prepositions,With prepositions / Less frequent prepositions,adapt,drop,PREP_ADAPT,"Adapt preposition frequency to adpositions, postpositions, case suffixes, or case particles used for the same grammatical relations."
mn,dropped_quality,Frequent Usage of Determiners,With determiners / Less frequent determiners,direct,direct,,
mn,dropped_quality,Usage of Conjunctions,With conjunctions / Less frequent conjunctions,direct,direct,,
mn,dropped_quality,Usage of Nominalizations,With nominalizations / Without nominalizations,direct,direct,,
mn,dropped_quality,Usage of Long Words,Long average word length / Short average word length,direct,direct,,
mn,dropped_quality,Usage of Numerical Digits,With digits / Less frequent digits,direct,direct,,
mn,dropped_quality,Usage of Uppercase Letters,With uppercase letters / Without uppercase letters,direct,direct,,
mn,dropped_quality,Frequent Usage of Punctuation,With frequent punctuation / Less Frequent punctuation,direct,direct,,
mn,dropped_quality,Usage of Formal Tone,Formal / Informal,direct,direct,,
mn,dropped_quality,Complex Sentence Structure,Complex / Simple,direct,direct,,
mn,dropped_quality,Usage of Contractions,With contractions / Without contractions,direct,direct,,
mn,dropped_quality,Usage of Numerical Substitution (ex. hello -> h3llo type slang),With number substitution / Without number substitution,adapt,drop,NUMSUB_ADAPT,Adapt to local Cyrillic or internet number substitutions; keep strict mode conservative.
mn,dropped_quality,Usage of Only Lowercase Letters (all lowercase style),All Lower Case / Proper Capitalization,direct,direct,,
mn,dropped_quality,Usage of Only Uppercase Letters (all uppercase style),All Upper Case / Proper Capitalization,direct,direct,,
mn,dropped_quality,Presence of Misspelled Words,Sentence With a Few Misspelled Words / Normal Sentence,direct,direct,,
mn,dropped_quality,Usage of Text Emojis (ex. :-D type emoticons),Text Emojis / No Emojis,direct,direct,,
mn,dropped_quality,Usage of Emojis,With Emojis / No Emojis,direct,direct,,
mr,kept,Usage of Polite Tone,Polite / Impolite,direct,direct,,
mr,kept,Incorporation of Humor,With Humor / Without Humor,direct,direct,,
mr,kept,Usage of Sarcasm,With sarcasm / Without sarcasm,direct,direct,,
mr,kept,Usage of Metaphors,With metaphor / Without metaphor,direct,direct,,
mr,kept,Usage of Offensive Language,Offensive / Non-Offensive,direct,direct,,
mr,kept,Positive Sentiment Expression,Positive / Negative,direct,direct,,
mr,kept,Usage of Active Voice,Active / Passive,direct,direct,,
mr,kept,"Usage of Certain Tone (lack of uncertain words/phrases like 'I think', 'might', 'seems')",Certain / Uncertain,direct,direct,,
mr,kept,Usage of Self-Focused Perspective or Words,Self-focused / Inclusive-focused | Self-focused / You-focused | Self-focused / Third-person singular,direct,direct,,
mr,kept,Usage of Self-Focused Language,Self-focused / Audience-focused,direct,direct,,
mr,kept,Usage of Personal Pronouns,With personal pronouns / Less frequent pronouns,direct,direct,,
mr,kept,Usage of Present Tense and Present-Focused Words,Present-focused / Future-focused,direct,direct,,
mr,kept,Usage of Present-Focused Tense and Words,Present-focused / Past-focused,direct,direct,,
mr,kept,Usage of Words Indicating Affective Processes,Affective processes / Cognitive processes,direct,direct,,
mr,kept,Usage of Words Indicating Affective Process,Affective process / Perceptual process,direct,direct,,
mr,kept,Usage of Words Indicating Cognitive Processes,Cognitive process / Perceptual process,direct,direct,,
mr,kept,Usage of Articles,With articles / Less frequent articles,drop,drop,ART_DROP,Drop article contrast because the language lacks a stable article category comparable to English a/an/the.
mr,kept,Fluency in Sentence Construction,Fluent sentence / Disfluent sentence,direct,direct,,
mr,kept,Frequent Usage of Function Words,With function words / Less frequent function words,direct,direct,,
mr,kept,Frequent Usage of Common Verbs,With common verbs / Less frequent common verbs,direct,direct,,
mr,kept,Usage of Pronouns,With pronouns / Less frequent pronouns,direct,direct,,
mr,kept,Usage of Prepositions,With prepositions / Less frequent prepositions,adapt,drop,PREP_ADAPT,"Adapt preposition frequency to adpositions, postpositions, case suffixes, or case particles used for the same grammatical relations."
mr,kept,Frequent Usage of Determiners,With determiners / Less frequent determiners,direct,direct,,
mr,kept,Usage of Conjunctions,With conjunctions / Less frequent conjunctions,direct,direct,,
mr,kept,Usage of Nominalizations,With nominalizations / Without nominalizations,direct,direct,,
mr,kept,Usage of Long Words,Long average word length / Short average word length,direct,direct,,
mr,kept,Usage of Numerical Digits,With digits / Less frequent digits,direct,direct,,
mr,kept,Usage of Uppercase Letters,With uppercase letters / Without uppercase letters,drop,drop,CASE_DROP,Drop casing contrast for uncased scripts or scripts where uppercase/lowercase is not a native style dimension.
mr,kept,Frequent Usage of Punctuation,With frequent punctuation / Less Frequent punctuation,direct,direct,,
mr,kept,Usage of Formal Tone,Formal / Informal,direct,direct,,
mr,kept,Complex Sentence Structure,Complex / Simple,direct,direct,,
mr,kept,Usage of Contractions,With contractions / Without contractions,direct,direct,,
mr,kept,Usage of Numerical Substitution (ex. hello -> h3llo type slang),With number substitution / Without number substitution,drop,drop,NUMSUB_DROP,Drop numerical substitution because a robust local digit-substitution convention was not assumed for this pass.
mr,kept,Usage of Only Lowercase Letters (all lowercase style),All Lower Case / Proper Capitalization,drop,drop,CASE_DROP,Drop casing contrast for uncased scripts or scripts where uppercase/lowercase is not a native style dimension.
mr,kept,Usage of Only Uppercase Letters (all uppercase style),All Upper Case / Proper Capitalization,drop,drop,CASE_DROP,Drop casing contrast for uncased scripts or scripts where uppercase/lowercase is not a native style dimension.
mr,kept,Presence of Misspelled Words,Sentence With a Few Misspelled Words / Normal Sentence,direct,direct,,
mr,kept,Usage of Text Emojis (ex. :-D type emoticons),Text Emojis / No Emojis,direct,direct,,
mr,kept,Usage of Emojis,With Emojis / No Emojis,direct,direct,,
ms,kept,Usage of Polite Tone,Polite / Impolite,direct,direct,,
ms,kept,Incorporation of Humor,With Humor / Without Humor,direct,direct,,
ms,kept,Usage of Sarcasm,With sarcasm / Without sarcasm,direct,direct,,
ms,kept,Usage of Metaphors,With metaphor / Without metaphor,direct,direct,,
ms,kept,Usage of Offensive Language,Offensive / Non-Offensive,direct,direct,,
ms,kept,Positive Sentiment Expression,Positive / Negative,direct,direct,,
ms,kept,Usage of Active Voice,Active / Passive,direct,direct,,
ms,kept,"Usage of Certain Tone (lack of uncertain words/phrases like 'I think', 'might', 'seems')",Certain / Uncertain,direct,direct,,
ms,kept,Usage of Self-Focused Perspective or Words,Self-focused / Inclusive-focused | Self-focused / You-focused | Self-focused / Third-person singular,direct,direct,,
ms,kept,Usage of Self-Focused Language,Self-focused / Audience-focused,direct,direct,,
ms,kept,Usage of Personal Pronouns,With personal pronouns / Less frequent pronouns,direct,direct,,
ms,kept,Usage of Present Tense and Present-Focused Words,Present-focused / Future-focused,direct,direct,,
ms,kept,Usage of Present-Focused Tense and Words,Present-focused / Past-focused,direct,direct,,
ms,kept,Usage of Words Indicating Affective Processes,Affective processes / Cognitive processes,direct,direct,,
ms,kept,Usage of Words Indicating Affective Process,Affective process / Perceptual process,direct,direct,,
ms,kept,Usage of Words Indicating Cognitive Processes,Cognitive process / Perceptual process,direct,direct,,
ms,kept,Usage of Articles,With articles / Less frequent articles,adapt,drop,ART_ADAPT_OPTIONAL,Optional adaptation: use ini/itu-style demonstratives or definiteness markers; strict mode drops articles.
ms,kept,Fluency in Sentence Construction,Fluent sentence / Disfluent sentence,direct,direct,,
ms,kept,Frequent Usage of Function Words,With function words / Less frequent function words,direct,direct,,
ms,kept,Frequent Usage of Common Verbs,With common verbs / Less frequent common verbs,direct,direct,,
ms,kept,Usage of Pronouns,With pronouns / Less frequent pronouns,direct,direct,,
ms,kept,Usage of Prepositions,With prepositions / Less frequent prepositions,direct,direct,,
ms,kept,Frequent Usage of Determiners,With determiners / Less frequent determiners,direct,direct,,
ms,kept,Usage of Conjunctions,With conjunctions / Less frequent conjunctions,direct,direct,,
ms,kept,Usage of Nominalizations,With nominalizations / Without nominalizations,direct,direct,,
ms,kept,Usage of Long Words,Long average word length / Short average word length,direct,direct,,
ms,kept,Usage of Numerical Digits,With digits / Less frequent digits,direct,direct,,
ms,kept,Usage of Uppercase Letters,With uppercase letters / Without uppercase letters,direct,direct,,
ms,kept,Frequent Usage of Punctuation,With frequent punctuation / Less Frequent punctuation,direct,direct,,
ms,kept,Usage of Formal Tone,Formal / Informal,direct,direct,,
ms,kept,Complex Sentence Structure,Complex / Simple,direct,direct,,
ms,kept,Usage of Contractions,With contractions / Without contractions,direct,direct,,
ms,kept,Usage of Numerical Substitution (ex. hello -> h3llo type slang),With number substitution / Without number substitution,direct,direct,,
ms,kept,Usage of Only Lowercase Letters (all lowercase style),All Lower Case / Proper Capitalization,direct,direct,,
ms,kept,Usage of Only Uppercase Letters (all uppercase style),All Upper Case / Proper Capitalization,direct,direct,,
ms,kept,Presence of Misspelled Words,Sentence With a Few Misspelled Words / Normal Sentence,direct,direct,,
ms,kept,Usage of Text Emojis (ex. :-D type emoticons),Text Emojis / No Emojis,direct,direct,,
ms,kept,Usage of Emojis,With Emojis / No Emojis,direct,direct,,
mt,dropped_quality,Usage of Polite Tone,Polite / Impolite,direct,direct,,
mt,dropped_quality,Incorporation of Humor,With Humor / Without Humor,direct,direct,,
mt,dropped_quality,Usage of Sarcasm,With sarcasm / Without sarcasm,direct,direct,,
mt,dropped_quality,Usage of Metaphors,With metaphor / Without metaphor,direct,direct,,
mt,dropped_quality,Usage of Offensive Language,Offensive / Non-Offensive,direct,direct,,
mt,dropped_quality,Positive Sentiment Expression,Positive / Negative,direct,direct,,
mt,dropped_quality,Usage of Active Voice,Active / Passive,direct,direct,,
mt,dropped_quality,"Usage of Certain Tone (lack of uncertain words/phrases like 'I think', 'might', 'seems')",Certain / Uncertain,direct,direct,,
mt,dropped_quality,Usage of Self-Focused Perspective or Words,Self-focused / Inclusive-focused | Self-focused / You-focused | Self-focused / Third-person singular,direct,direct,,
mt,dropped_quality,Usage of Self-Focused Language,Self-focused / Audience-focused,direct,direct,,
mt,dropped_quality,Usage of Personal Pronouns,With personal pronouns / Less frequent pronouns,direct,direct,,
mt,dropped_quality,Usage of Present Tense and Present-Focused Words,Present-focused / Future-focused,direct,direct,,
mt,dropped_quality,Usage of Present-Focused Tense and Words,Present-focused / Past-focused,direct,direct,,
mt,dropped_quality,Usage of Words Indicating Affective Processes,Affective processes / Cognitive processes,direct,direct,,
mt,dropped_quality,Usage of Words Indicating Affective Process,Affective process / Perceptual process,direct,direct,,
mt,dropped_quality,Usage of Words Indicating Cognitive Processes,Cognitive process / Perceptual process,direct,direct,,
mt,dropped_quality,Usage of Articles,With articles / Less frequent articles,direct,direct,,
mt,dropped_quality,Fluency in Sentence Construction,Fluent sentence / Disfluent sentence,direct,direct,,
mt,dropped_quality,Frequent Usage of Function Words,With function words / Less frequent function words,direct,direct,,
mt,dropped_quality,Frequent Usage of Common Verbs,With common verbs / Less frequent common verbs,direct,direct,,
mt,dropped_quality,Usage of Pronouns,With pronouns / Less frequent pronouns,direct,direct,,
mt,dropped_quality,Usage of Prepositions,With prepositions / Less frequent prepositions,direct,direct,,
mt,dropped_quality,Frequent Usage of Determiners,With determiners / Less frequent determiners,direct,direct,,
mt,dropped_quality,Usage of Conjunctions,With conjunctions / Less frequent conjunctions,direct,direct,,
mt,dropped_quality,Usage of Nominalizations,With nominalizations / Without nominalizations,direct,direct,,
mt,dropped_quality,Usage of Long Words,Long average word length / Short average word length,direct,direct,,
mt,dropped_quality,Usage of Numerical Digits,With digits / Less frequent digits,direct,direct,,
mt,dropped_quality,Usage of Uppercase Letters,With uppercase letters / Without uppercase letters,direct,direct,,
mt,dropped_quality,Frequent Usage of Punctuation,With frequent punctuation / Less Frequent punctuation,direct,direct,,
mt,dropped_quality,Usage of Formal Tone,Formal / Informal,direct,direct,,
mt,dropped_quality,Complex Sentence Structure,Complex / Simple,direct,direct,,
mt,dropped_quality,Usage of Contractions,With contractions / Without contractions,direct,direct,,
mt,dropped_quality,Usage of Numerical Substitution (ex. hello -> h3llo type slang),With number substitution / Without number substitution,direct,direct,,
mt,dropped_quality,Usage of Only Lowercase Letters (all lowercase style),All Lower Case / Proper Capitalization,direct,direct,,
mt,dropped_quality,Usage of Only Uppercase Letters (all uppercase style),All Upper Case / Proper Capitalization,direct,direct,,
mt,dropped_quality,Presence of Misspelled Words,Sentence With a Few Misspelled Words / Normal Sentence,direct,direct,,
mt,dropped_quality,Usage of Text Emojis (ex. :-D type emoticons),Text Emojis / No Emojis,direct,direct,,
mt,dropped_quality,Usage of Emojis,With Emojis / No Emojis,direct,direct,,
my,kept,Usage of Polite Tone,Polite / Impolite,direct,direct,,
my,kept,Incorporation of Humor,With Humor / Without Humor,direct,direct,,
my,kept,Usage of Sarcasm,With sarcasm / Without sarcasm,direct,direct,,
my,kept,Usage of Metaphors,With metaphor / Without metaphor,direct,direct,,
my,kept,Usage of Offensive Language,Offensive / Non-Offensive,direct,direct,,
my,kept,Positive Sentiment Expression,Positive / Negative,direct,direct,,
my,kept,Usage of Active Voice,Active / Passive,direct,direct,,
my,kept,"Usage of Certain Tone (lack of uncertain words/phrases like 'I think', 'might', 'seems')",Certain / Uncertain,direct,direct,,
my,kept,Usage of Self-Focused Perspective or Words,Self-focused / Inclusive-focused | Self-focused / You-focused | Self-focused / Third-person singular,direct,direct,,
my,kept,Usage of Self-Focused Language,Self-focused / Audience-focused,direct,direct,,
my,kept,Usage of Personal Pronouns,With personal pronouns / Less frequent pronouns,direct,direct,,
my,kept,Usage of Present Tense and Present-Focused Words,Present-focused / Future-focused,direct,direct,,
my,kept,Usage of Present-Focused Tense and Words,Present-focused / Past-focused,direct,direct,,
my,kept,Usage of Words Indicating Affective Processes,Affective processes / Cognitive processes,direct,direct,,
my,kept,Usage of Words Indicating Affective Process,Affective process / Perceptual process,direct,direct,,
my,kept,Usage of Words Indicating Cognitive Processes,Cognitive process / Perceptual process,direct,direct,,
my,kept,Usage of Articles,With articles / Less frequent articles,drop,drop,ART_DROP,Drop article contrast because the language lacks a stable article category comparable to English a/an/the.
my,kept,Fluency in Sentence Construction,Fluent sentence / Disfluent sentence,direct,direct,,
my,kept,Frequent Usage of Function Words,With function words / Less frequent function words,direct,direct,,
my,kept,Frequent Usage of Common Verbs,With common verbs / Less frequent common verbs,direct,direct,,
my,kept,Usage of Pronouns,With pronouns / Less frequent pronouns,direct,direct,,
my,kept,Usage of Prepositions,With prepositions / Less frequent prepositions,adapt,drop,PREP_ADAPT,"Adapt preposition frequency to adpositions, postpositions, case suffixes, or case particles used for the same grammatical relations."
my,kept,Frequent Usage of Determiners,With determiners / Less frequent determiners,direct,direct,,
my,kept,Usage of Conjunctions,With conjunctions / Less frequent conjunctions,direct,direct,,
my,kept,Usage of Nominalizations,With nominalizations / Without nominalizations,direct,direct,,
my,kept,Usage of Long Words,Long average word length / Short average word length,adapt,drop,WORDLEN_ADAPT,Adapt long-word contrast to long written units or compounds; whitespace word length is unreliable.
my,kept,Usage of Numerical Digits,With digits / Less frequent digits,direct,direct,,
my,kept,Usage of Uppercase Letters,With uppercase letters / Without uppercase letters,drop,drop,CASE_DROP,Drop casing contrast for uncased scripts or scripts where uppercase/lowercase is not a native style dimension.
my,kept,Frequent Usage of Punctuation,With frequent punctuation / Less Frequent punctuation,direct,direct,,
my,kept,Usage of Formal Tone,Formal / Informal,direct,direct,,
my,kept,Complex Sentence Structure,Complex / Simple,direct,direct,,
my,kept,Usage of Contractions,With contractions / Without contractions,direct,direct,,
my,kept,Usage of Numerical Substitution (ex. hello -> h3llo type slang),With number substitution / Without number substitution,drop,drop,NUMSUB_DROP,Drop numerical substitution because a robust local digit-substitution convention was not assumed for this pass.
my,kept,Usage of Only Lowercase Letters (all lowercase style),All Lower Case / Proper Capitalization,drop,drop,CASE_DROP,Drop casing contrast for uncased scripts or scripts where uppercase/lowercase is not a native style dimension.
my,kept,Usage of Only Uppercase Letters (all uppercase style),All Upper Case / Proper Capitalization,drop,drop,CASE_DROP,Drop casing contrast for uncased scripts or scripts where uppercase/lowercase is not a native style dimension.
my,kept,Presence of Misspelled Words,Sentence With a Few Misspelled Words / Normal Sentence,direct,direct,,
my,kept,Usage of Text Emojis (ex. :-D type emoticons),Text Emojis / No Emojis,direct,direct,,
my,kept,Usage of Emojis,With Emojis / No Emojis,direct,direct,,
nb,kept,Usage of Polite Tone,Polite / Impolite,direct,direct,,
nb,kept,Incorporation of Humor,With Humor / Without Humor,direct,direct,,
nb,kept,Usage of Sarcasm,With sarcasm / Without sarcasm,direct,direct,,
nb,kept,Usage of Metaphors,With metaphor / Without metaphor,direct,direct,,
nb,kept,Usage of Offensive Language,Offensive / Non-Offensive,direct,direct,,
nb,kept,Positive Sentiment Expression,Positive / Negative,direct,direct,,
nb,kept,Usage of Active Voice,Active / Passive,direct,direct,,
nb,kept,"Usage of Certain Tone (lack of uncertain words/phrases like 'I think', 'might', 'seems')",Certain / Uncertain,direct,direct,,
nb,kept,Usage of Self-Focused Perspective or Words,Self-focused / Inclusive-focused | Self-focused / You-focused | Self-focused / Third-person singular,direct,direct,,
nb,kept,Usage of Self-Focused Language,Self-focused / Audience-focused,direct,direct,,
nb,kept,Usage of Personal Pronouns,With personal pronouns / Less frequent pronouns,direct,direct,,
nb,kept,Usage of Present Tense and Present-Focused Words,Present-focused / Future-focused,direct,direct,,
nb,kept,Usage of Present-Focused Tense and Words,Present-focused / Past-focused,direct,direct,,
nb,kept,Usage of Words Indicating Affective Processes,Affective processes / Cognitive processes,direct,direct,,
nb,kept,Usage of Words Indicating Affective Process,Affective process / Perceptual process,direct,direct,,
nb,kept,Usage of Words Indicating Cognitive Processes,Cognitive process / Perceptual process,direct,direct,,
nb,kept,Usage of Articles,With articles / Less frequent articles,direct,direct,,
nb,kept,Fluency in Sentence Construction,Fluent sentence / Disfluent sentence,direct,direct,,
nb,kept,Frequent Usage of Function Words,With function words / Less frequent function words,direct,direct,,
nb,kept,Frequent Usage of Common Verbs,With common verbs / Less frequent common verbs,direct,direct,,
nb,kept,Usage of Pronouns,With pronouns / Less frequent pronouns,direct,direct,,
nb,kept,Usage of Prepositions,With prepositions / Less frequent prepositions,direct,direct,,
nb,kept,Frequent Usage of Determiners,With determiners / Less frequent determiners,direct,direct,,
nb,kept,Usage of Conjunctions,With conjunctions / Less frequent conjunctions,direct,direct,,
nb,kept,Usage of Nominalizations,With nominalizations / Without nominalizations,direct,direct,,
nb,kept,Usage of Long Words,Long average word length / Short average word length,direct,direct,,
nb,kept,Usage of Numerical Digits,With digits / Less frequent digits,direct,direct,,
nb,kept,Usage of Uppercase Letters,With uppercase letters / Without uppercase letters,direct,direct,,
nb,kept,Frequent Usage of Punctuation,With frequent punctuation / Less Frequent punctuation,direct,direct,,
nb,kept,Usage of Formal Tone,Formal / Informal,direct,direct,,
nb,kept,Complex Sentence Structure,Complex / Simple,direct,direct,,
nb,kept,Usage of Contractions,With contractions / Without contractions,direct,direct,,
nb,kept,Usage of Numerical Substitution (ex. hello -> h3llo type slang),With number substitution / Without number substitution,direct,direct,,
nb,kept,Usage of Only Lowercase Letters (all lowercase style),All Lower Case / Proper Capitalization,direct,direct,,
nb,kept,Usage of Only Uppercase Letters (all uppercase style),All Upper Case / Proper Capitalization,direct,direct,,
nb,kept,Presence of Misspelled Words,Sentence With a Few Misspelled Words / Normal Sentence,direct,direct,,
nb,kept,Usage of Text Emojis (ex. :-D type emoticons),Text Emojis / No Emojis,direct,direct,,
nb,kept,Usage of Emojis,With Emojis / No Emojis,direct,direct,,
ne,kept,Usage of Polite Tone,Polite / Impolite,direct,direct,,
ne,kept,Incorporation of Humor,With Humor / Without Humor,direct,direct,,
ne,kept,Usage of Sarcasm,With sarcasm / Without sarcasm,direct,direct,,
ne,kept,Usage of Metaphors,With metaphor / Without metaphor,direct,direct,,
ne,kept,Usage of Offensive Language,Offensive / Non-Offensive,direct,direct,,
ne,kept,Positive Sentiment Expression,Positive / Negative,direct,direct,,
ne,kept,Usage of Active Voice,Active / Passive,direct,direct,,
ne,kept,"Usage of Certain Tone (lack of uncertain words/phrases like 'I think', 'might', 'seems')",Certain / Uncertain,direct,direct,,
ne,kept,Usage of Self-Focused Perspective or Words,Self-focused / Inclusive-focused | Self-focused / You-focused | Self-focused / Third-person singular,direct,direct,,
ne,kept,Usage of Self-Focused Language,Self-focused / Audience-focused,direct,direct,,
ne,kept,Usage of Personal Pronouns,With personal pronouns / Less frequent pronouns,direct,direct,,
ne,kept,Usage of Present Tense and Present-Focused Words,Present-focused / Future-focused,direct,direct,,
ne,kept,Usage of Present-Focused Tense and Words,Present-focused / Past-focused,direct,direct,,
ne,kept,Usage of Words Indicating Affective Processes,Affective processes / Cognitive processes,direct,direct,,
ne,kept,Usage of Words Indicating Affective Process,Affective process / Perceptual process,direct,direct,,
ne,kept,Usage of Words Indicating Cognitive Processes,Cognitive process / Perceptual process,direct,direct,,
ne,kept,Usage of Articles,With articles / Less frequent articles,drop,drop,ART_DROP,Drop article contrast because the language lacks a stable article category comparable to English a/an/the.
ne,kept,Fluency in Sentence Construction,Fluent sentence / Disfluent sentence,direct,direct,,
ne,kept,Frequent Usage of Function Words,With function words / Less frequent function words,direct,direct,,
ne,kept,Frequent Usage of Common Verbs,With common verbs / Less frequent common verbs,direct,direct,,
ne,kept,Usage of Pronouns,With pronouns / Less frequent pronouns,direct,direct,,
ne,kept,Usage of Prepositions,With prepositions / Less frequent prepositions,adapt,drop,PREP_ADAPT,"Adapt preposition frequency to adpositions, postpositions, case suffixes, or case particles used for the same grammatical relations."
ne,kept,Frequent Usage of Determiners,With determiners / Less frequent determiners,direct,direct,,
ne,kept,Usage of Conjunctions,With conjunctions / Less frequent conjunctions,direct,direct,,
ne,kept,Usage of Nominalizations,With nominalizations / Without nominalizations,direct,direct,,
ne,kept,Usage of Long Words,Long average word length / Short average word length,direct,direct,,
ne,kept,Usage of Numerical Digits,With digits / Less frequent digits,direct,direct,,
ne,kept,Usage of Uppercase Letters,With uppercase letters / Without uppercase letters,drop,drop,CASE_DROP,Drop casing contrast for uncased scripts or scripts where uppercase/lowercase is not a native style dimension.
ne,kept,Frequent Usage of Punctuation,With frequent punctuation / Less Frequent punctuation,direct,direct,,
ne,kept,Usage of Formal Tone,Formal / Informal,direct,direct,,
ne,kept,Complex Sentence Structure,Complex / Simple,direct,direct,,
ne,kept,Usage of Contractions,With contractions / Without contractions,direct,direct,,
ne,kept,Usage of Numerical Substitution (ex. hello -> h3llo type slang),With number substitution / Without number substitution,drop,drop,NUMSUB_DROP,Drop numerical substitution because a robust local digit-substitution convention was not assumed for this pass.
ne,kept,Usage of Only Lowercase Letters (all lowercase style),All Lower Case / Proper Capitalization,drop,drop,CASE_DROP,Drop casing contrast for uncased scripts or scripts where uppercase/lowercase is not a native style dimension.
ne,kept,Usage of Only Uppercase Letters (all uppercase style),All Upper Case / Proper Capitalization,drop,drop,CASE_DROP,Drop casing contrast for uncased scripts or scripts where uppercase/lowercase is not a native style dimension.
ne,kept,Presence of Misspelled Words,Sentence With a Few Misspelled Words / Normal Sentence,direct,direct,,
ne,kept,Usage of Text Emojis (ex. :-D type emoticons),Text Emojis / No Emojis,direct,direct,,
ne,kept,Usage of Emojis,With Emojis / No Emojis,direct,direct,,
nl,kept,Usage of Polite Tone,Polite / Impolite,direct,direct,,
nl,kept,Incorporation of Humor,With Humor / Without Humor,direct,direct,,
nl,kept,Usage of Sarcasm,With sarcasm / Without sarcasm,direct,direct,,
nl,kept,Usage of Metaphors,With metaphor / Without metaphor,direct,direct,,
nl,kept,Usage of Offensive Language,Offensive / Non-Offensive,direct,direct,,
nl,kept,Positive Sentiment Expression,Positive / Negative,direct,direct,,
nl,kept,Usage of Active Voice,Active / Passive,direct,direct,,
nl,kept,"Usage of Certain Tone (lack of uncertain words/phrases like 'I think', 'might', 'seems')",Certain / Uncertain,direct,direct,,
nl,kept,Usage of Self-Focused Perspective or Words,Self-focused / Inclusive-focused | Self-focused / You-focused | Self-focused / Third-person singular,direct,direct,,
nl,kept,Usage of Self-Focused Language,Self-focused / Audience-focused,direct,direct,,
nl,kept,Usage of Personal Pronouns,With personal pronouns / Less frequent pronouns,direct,direct,,
nl,kept,Usage of Present Tense and Present-Focused Words,Present-focused / Future-focused,direct,direct,,
nl,kept,Usage of Present-Focused Tense and Words,Present-focused / Past-focused,direct,direct,,
nl,kept,Usage of Words Indicating Affective Processes,Affective processes / Cognitive processes,direct,direct,,
nl,kept,Usage of Words Indicating Affective Process,Affective process / Perceptual process,direct,direct,,
nl,kept,Usage of Words Indicating Cognitive Processes,Cognitive process / Perceptual process,direct,direct,,
nl,kept,Usage of Articles,With articles / Less frequent articles,direct,direct,,
nl,kept,Fluency in Sentence Construction,Fluent sentence / Disfluent sentence,direct,direct,,
nl,kept,Frequent Usage of Function Words,With function words / Less frequent function words,direct,direct,,
nl,kept,Frequent Usage of Common Verbs,With common verbs / Less frequent common verbs,direct,direct,,
nl,kept,Usage of Pronouns,With pronouns / Less frequent pronouns,direct,direct,,
nl,kept,Usage of Prepositions,With prepositions / Less frequent prepositions,direct,direct,,
nl,kept,Frequent Usage of Determiners,With determiners / Less frequent determiners,direct,direct,,
nl,kept,Usage of Conjunctions,With conjunctions / Less frequent conjunctions,direct,direct,,
nl,kept,Usage of Nominalizations,With nominalizations / Without nominalizations,direct,direct,,
nl,kept,Usage of Long Words,Long average word length / Short average word length,direct,direct,,
nl,kept,Usage of Numerical Digits,With digits / Less frequent digits,direct,direct,,
nl,kept,Usage of Uppercase Letters,With uppercase letters / Without uppercase letters,direct,direct,,
nl,kept,Frequent Usage of Punctuation,With frequent punctuation / Less Frequent punctuation,direct,direct,,
nl,kept,Usage of Formal Tone,Formal / Informal,direct,direct,,
nl,kept,Complex Sentence Structure,Complex / Simple,direct,direct,,
nl,kept,Usage of Contractions,With contractions / Without contractions,direct,direct,,
nl,kept,Usage of Numerical Substitution (ex. hello -> h3llo type slang),With number substitution / Without number substitution,direct,direct,,
nl,kept,Usage of Only Lowercase Letters (all lowercase style),All Lower Case / Proper Capitalization,direct,direct,,
nl,kept,Usage of Only Uppercase Letters (all uppercase style),All Upper Case / Proper Capitalization,direct,direct,,
nl,kept,Presence of Misspelled Words,Sentence With a Few Misspelled Words / Normal Sentence,direct,direct,,
nl,kept,Usage of Text Emojis (ex. :-D type emoticons),Text Emojis / No Emojis,direct,direct,,
nl,kept,Usage of Emojis,With Emojis / No Emojis,direct,direct,,
nn,kept,Usage of Polite Tone,Polite / Impolite,direct,direct,,
nn,kept,Incorporation of Humor,With Humor / Without Humor,direct,direct,,
nn,kept,Usage of Sarcasm,With sarcasm / Without sarcasm,direct,direct,,
nn,kept,Usage of Metaphors,With metaphor / Without metaphor,direct,direct,,
nn,kept,Usage of Offensive Language,Offensive / Non-Offensive,direct,direct,,
nn,kept,Positive Sentiment Expression,Positive / Negative,direct,direct,,
nn,kept,Usage of Active Voice,Active / Passive,direct,direct,,
nn,kept,"Usage of Certain Tone (lack of uncertain words/phrases like 'I think', 'might', 'seems')",Certain / Uncertain,direct,direct,,
nn,kept,Usage of Self-Focused Perspective or Words,Self-focused / Inclusive-focused | Self-focused / You-focused | Self-focused / Third-person singular,direct,direct,,
nn,kept,Usage of Self-Focused Language,Self-focused / Audience-focused,direct,direct,,
nn,kept,Usage of Personal Pronouns,With personal pronouns / Less frequent pronouns,direct,direct,,
nn,kept,Usage of Present Tense and Present-Focused Words,Present-focused / Future-focused,direct,direct,,
nn,kept,Usage of Present-Focused Tense and Words,Present-focused / Past-focused,direct,direct,,
nn,kept,Usage of Words Indicating Affective Processes,Affective processes / Cognitive processes,direct,direct,,
nn,kept,Usage of Words Indicating Affective Process,Affective process / Perceptual process,direct,direct,,
nn,kept,Usage of Words Indicating Cognitive Processes,Cognitive process / Perceptual process,direct,direct,,
nn,kept,Usage of Articles,With articles / Less frequent articles,direct,direct,,
nn,kept,Fluency in Sentence Construction,Fluent sentence / Disfluent sentence,direct,direct,,
nn,kept,Frequent Usage of Function Words,With function words / Less frequent function words,direct,direct,,
nn,kept,Frequent Usage of Common Verbs,With common verbs / Less frequent common verbs,direct,direct,,
nn,kept,Usage of Pronouns,With pronouns / Less frequent pronouns,direct,direct,,
nn,kept,Usage of Prepositions,With prepositions / Less frequent prepositions,direct,direct,,
nn,kept,Frequent Usage of Determiners,With determiners / Less frequent determiners,direct,direct,,
nn,kept,Usage of Conjunctions,With conjunctions / Less frequent conjunctions,direct,direct,,
nn,kept,Usage of Nominalizations,With nominalizations / Without nominalizations,direct,direct,,
nn,kept,Usage of Long Words,Long average word length / Short average word length,direct,direct,,
nn,kept,Usage of Numerical Digits,With digits / Less frequent digits,direct,direct,,
nn,kept,Usage of Uppercase Letters,With uppercase letters / Without uppercase letters,direct,direct,,
nn,kept,Frequent Usage of Punctuation,With frequent punctuation / Less Frequent punctuation,direct,direct,,
nn,kept,Usage of Formal Tone,Formal / Informal,direct,direct,,
nn,kept,Complex Sentence Structure,Complex / Simple,direct,direct,,
nn,kept,Usage of Contractions,With contractions / Without contractions,direct,direct,,
nn,kept,Usage of Numerical Substitution (ex. hello -> h3llo type slang),With number substitution / Without number substitution,direct,direct,,
nn,kept,Usage of Only Lowercase Letters (all lowercase style),All Lower Case / Proper Capitalization,direct,direct,,
nn,kept,Usage of Only Uppercase Letters (all uppercase style),All Upper Case / Proper Capitalization,direct,direct,,
nn,kept,Presence of Misspelled Words,Sentence With a Few Misspelled Words / Normal Sentence,direct,direct,,
nn,kept,Usage of Text Emojis (ex. :-D type emoticons),Text Emojis / No Emojis,direct,direct,,
nn,kept,Usage of Emojis,With Emojis / No Emojis,direct,direct,,
pa,kept,Usage of Polite Tone,Polite / Impolite,direct,direct,,
pa,kept,Incorporation of Humor,With Humor / Without Humor,direct,direct,,
pa,kept,Usage of Sarcasm,With sarcasm / Without sarcasm,direct,direct,,
pa,kept,Usage of Metaphors,With metaphor / Without metaphor,direct,direct,,
pa,kept,Usage of Offensive Language,Offensive / Non-Offensive,direct,direct,,
pa,kept,Positive Sentiment Expression,Positive / Negative,direct,direct,,
pa,kept,Usage of Active Voice,Active / Passive,direct,direct,,
pa,kept,"Usage of Certain Tone (lack of uncertain words/phrases like 'I think', 'might', 'seems')",Certain / Uncertain,direct,direct,,
pa,kept,Usage of Self-Focused Perspective or Words,Self-focused / Inclusive-focused | Self-focused / You-focused | Self-focused / Third-person singular,direct,direct,,
pa,kept,Usage of Self-Focused Language,Self-focused / Audience-focused,direct,direct,,
pa,kept,Usage of Personal Pronouns,With personal pronouns / Less frequent pronouns,direct,direct,,
pa,kept,Usage of Present Tense and Present-Focused Words,Present-focused / Future-focused,direct,direct,,
pa,kept,Usage of Present-Focused Tense and Words,Present-focused / Past-focused,direct,direct,,
pa,kept,Usage of Words Indicating Affective Processes,Affective processes / Cognitive processes,direct,direct,,
pa,kept,Usage of Words Indicating Affective Process,Affective process / Perceptual process,direct,direct,,
pa,kept,Usage of Words Indicating Cognitive Processes,Cognitive process / Perceptual process,direct,direct,,
pa,kept,Usage of Articles,With articles / Less frequent articles,drop,drop,ART_DROP,Drop article contrast because the language lacks a stable article category comparable to English a/an/the.
pa,kept,Fluency in Sentence Construction,Fluent sentence / Disfluent sentence,direct,direct,,
pa,kept,Frequent Usage of Function Words,With function words / Less frequent function words,direct,direct,,
pa,kept,Frequent Usage of Common Verbs,With common verbs / Less frequent common verbs,direct,direct,,
pa,kept,Usage of Pronouns,With pronouns / Less frequent pronouns,direct,direct,,
pa,kept,Usage of Prepositions,With prepositions / Less frequent prepositions,adapt,drop,PREP_ADAPT,"Adapt preposition frequency to adpositions, postpositions, case suffixes, or case particles used for the same grammatical relations."
pa,kept,Frequent Usage of Determiners,With determiners / Less frequent determiners,direct,direct,,
pa,kept,Usage of Conjunctions,With conjunctions / Less frequent conjunctions,direct,direct,,
pa,kept,Usage of Nominalizations,With nominalizations / Without nominalizations,direct,direct,,
pa,kept,Usage of Long Words,Long average word length / Short average word length,direct,direct,,
pa,kept,Usage of Numerical Digits,With digits / Less frequent digits,direct,direct,,
pa,kept,Usage of Uppercase Letters,With uppercase letters / Without uppercase letters,drop,drop,CASE_DROP,Drop casing contrast for uncased scripts or scripts where uppercase/lowercase is not a native style dimension.
pa,kept,Frequent Usage of Punctuation,With frequent punctuation / Less Frequent punctuation,direct,direct,,
pa,kept,Usage of Formal Tone,Formal / Informal,direct,direct,,
pa,kept,Complex Sentence Structure,Complex / Simple,direct,direct,,
pa,kept,Usage of Contractions,With contractions / Without contractions,direct,direct,,
pa,kept,Usage of Numerical Substitution (ex. hello -> h3llo type slang),With number substitution / Without number substitution,drop,drop,NUMSUB_DROP,Drop numerical substitution because a robust local digit-substitution convention was not assumed for this pass.
pa,kept,Usage of Only Lowercase Letters (all lowercase style),All Lower Case / Proper Capitalization,drop,drop,CASE_DROP,Drop casing contrast for uncased scripts or scripts where uppercase/lowercase is not a native style dimension.
pa,kept,Usage of Only Uppercase Letters (all uppercase style),All Upper Case / Proper Capitalization,drop,drop,CASE_DROP,Drop casing contrast for uncased scripts or scripts where uppercase/lowercase is not a native style dimension.
pa,kept,Presence of Misspelled Words,Sentence With a Few Misspelled Words / Normal Sentence,direct,direct,,
pa,kept,Usage of Text Emojis (ex. :-D type emoticons),Text Emojis / No Emojis,direct,direct,,
pa,kept,Usage of Emojis,With Emojis / No Emojis,direct,direct,,
pl,kept,Usage of Polite Tone,Polite / Impolite,direct,direct,,
pl,kept,Incorporation of Humor,With Humor / Without Humor,direct,direct,,
pl,kept,Usage of Sarcasm,With sarcasm / Without sarcasm,direct,direct,,
pl,kept,Usage of Metaphors,With metaphor / Without metaphor,direct,direct,,
pl,kept,Usage of Offensive Language,Offensive / Non-Offensive,direct,direct,,
pl,kept,Positive Sentiment Expression,Positive / Negative,direct,direct,,
pl,kept,Usage of Active Voice,Active / Passive,direct,direct,,
pl,kept,"Usage of Certain Tone (lack of uncertain words/phrases like 'I think', 'might', 'seems')",Certain / Uncertain,direct,direct,,
pl,kept,Usage of Self-Focused Perspective or Words,Self-focused / Inclusive-focused | Self-focused / You-focused | Self-focused / Third-person singular,direct,direct,,
pl,kept,Usage of Self-Focused Language,Self-focused / Audience-focused,direct,direct,,
pl,kept,Usage of Personal Pronouns,With personal pronouns / Less frequent pronouns,direct,direct,,
pl,kept,Usage of Present Tense and Present-Focused Words,Present-focused / Future-focused,direct,direct,,
pl,kept,Usage of Present-Focused Tense and Words,Present-focused / Past-focused,direct,direct,,
pl,kept,Usage of Words Indicating Affective Processes,Affective processes / Cognitive processes,direct,direct,,
pl,kept,Usage of Words Indicating Affective Process,Affective process / Perceptual process,direct,direct,,
pl,kept,Usage of Words Indicating Cognitive Processes,Cognitive process / Perceptual process,direct,direct,,
pl,kept,Usage of Articles,With articles / Less frequent articles,drop,drop,ART_DROP,Drop article contrast because the language lacks a stable article category comparable to English a/an/the.
pl,kept,Fluency in Sentence Construction,Fluent sentence / Disfluent sentence,direct,direct,,
pl,kept,Frequent Usage of Function Words,With function words / Less frequent function words,direct,direct,,
pl,kept,Frequent Usage of Common Verbs,With common verbs / Less frequent common verbs,direct,direct,,
pl,kept,Usage of Pronouns,With pronouns / Less frequent pronouns,direct,direct,,
pl,kept,Usage of Prepositions,With prepositions / Less frequent prepositions,direct,direct,,
pl,kept,Frequent Usage of Determiners,With determiners / Less frequent determiners,direct,direct,,
pl,kept,Usage of Conjunctions,With conjunctions / Less frequent conjunctions,direct,direct,,
pl,kept,Usage of Nominalizations,With nominalizations / Without nominalizations,direct,direct,,
pl,kept,Usage of Long Words,Long average word length / Short average word length,direct,direct,,
pl,kept,Usage of Numerical Digits,With digits / Less frequent digits,direct,direct,,
pl,kept,Usage of Uppercase Letters,With uppercase letters / Without uppercase letters,direct,direct,,
pl,kept,Frequent Usage of Punctuation,With frequent punctuation / Less Frequent punctuation,direct,direct,,
pl,kept,Usage of Formal Tone,Formal / Informal,direct,direct,,
pl,kept,Complex Sentence Structure,Complex / Simple,direct,direct,,
pl,kept,Usage of Contractions,With contractions / Without contractions,direct,direct,,
pl,kept,Usage of Numerical Substitution (ex. hello -> h3llo type slang),With number substitution / Without number substitution,direct,direct,,
pl,kept,Usage of Only Lowercase Letters (all lowercase style),All Lower Case / Proper Capitalization,direct,direct,,
pl,kept,Usage of Only Uppercase Letters (all uppercase style),All Upper Case / Proper Capitalization,direct,direct,,
pl,kept,Presence of Misspelled Words,Sentence With a Few Misspelled Words / Normal Sentence,direct,direct,,
pl,kept,Usage of Text Emojis (ex. :-D type emoticons),Text Emojis / No Emojis,direct,direct,,
pl,kept,Usage of Emojis,With Emojis / No Emojis,direct,direct,,
ps,kept,Usage of Polite Tone,Polite / Impolite,direct,direct,,
ps,kept,Incorporation of Humor,With Humor / Without Humor,direct,direct,,
ps,kept,Usage of Sarcasm,With sarcasm / Without sarcasm,direct,direct,,
ps,kept,Usage of Metaphors,With metaphor / Without metaphor,direct,direct,,
ps,kept,Usage of Offensive Language,Offensive / Non-Offensive,direct,direct,,
ps,kept,Positive Sentiment Expression,Positive / Negative,direct,direct,,
ps,kept,Usage of Active Voice,Active / Passive,direct,direct,,
ps,kept,"Usage of Certain Tone (lack of uncertain words/phrases like 'I think', 'might', 'seems')",Certain / Uncertain,direct,direct,,
ps,kept,Usage of Self-Focused Perspective or Words,Self-focused / Inclusive-focused | Self-focused / You-focused | Self-focused / Third-person singular,direct,direct,,
ps,kept,Usage of Self-Focused Language,Self-focused / Audience-focused,direct,direct,,
ps,kept,Usage of Personal Pronouns,With personal pronouns / Less frequent pronouns,direct,direct,,
ps,kept,Usage of Present Tense and Present-Focused Words,Present-focused / Future-focused,direct,direct,,
ps,kept,Usage of Present-Focused Tense and Words,Present-focused / Past-focused,direct,direct,,
ps,kept,Usage of Words Indicating Affective Processes,Affective processes / Cognitive processes,direct,direct,,
ps,kept,Usage of Words Indicating Affective Process,Affective process / Perceptual process,direct,direct,,
ps,kept,Usage of Words Indicating Cognitive Processes,Cognitive process / Perceptual process,direct,direct,,
ps,kept,Usage of Articles,With articles / Less frequent articles,drop,drop,ART_DROP,Drop article contrast because the language lacks a stable article category comparable to English a/an/the.
ps,kept,Fluency in Sentence Construction,Fluent sentence / Disfluent sentence,direct,direct,,
ps,kept,Frequent Usage of Function Words,With function words / Less frequent function words,direct,direct,,
ps,kept,Frequent Usage of Common Verbs,With common verbs / Less frequent common verbs,direct,direct,,
ps,kept,Usage of Pronouns,With pronouns / Less frequent pronouns,direct,direct,,
ps,kept,Usage of Prepositions,With prepositions / Less frequent prepositions,adapt,drop,PREP_ADAPT,"Adapt preposition frequency to adpositions, postpositions, case suffixes, or case particles used for the same grammatical relations."
ps,kept,Frequent Usage of Determiners,With determiners / Less frequent determiners,direct,direct,,
ps,kept,Usage of Conjunctions,With conjunctions / Less frequent conjunctions,direct,direct,,
ps,kept,Usage of Nominalizations,With nominalizations / Without nominalizations,direct,direct,,
ps,kept,Usage of Long Words,Long average word length / Short average word length,direct,direct,,
ps,kept,Usage of Numerical Digits,With digits / Less frequent digits,direct,direct,,
ps,kept,Usage of Uppercase Letters,With uppercase letters / Without uppercase letters,drop,drop,CASE_DROP,Drop casing contrast for uncased scripts or scripts where uppercase/lowercase is not a native style dimension.
ps,kept,Frequent Usage of Punctuation,With frequent punctuation / Less Frequent punctuation,direct,direct,,
ps,kept,Usage of Formal Tone,Formal / Informal,direct,direct,,
ps,kept,Complex Sentence Structure,Complex / Simple,direct,direct,,
ps,kept,Usage of Contractions,With contractions / Without contractions,direct,direct,,
ps,kept,Usage of Numerical Substitution (ex. hello -> h3llo type slang),With number substitution / Without number substitution,drop,drop,NUMSUB_DROP,Drop numerical substitution because a robust local digit-substitution convention was not assumed for this pass.
ps,kept,Usage of Only Lowercase Letters (all lowercase style),All Lower Case / Proper Capitalization,drop,drop,CASE_DROP,Drop casing contrast for uncased scripts or scripts where uppercase/lowercase is not a native style dimension.
ps,kept,Usage of Only Uppercase Letters (all uppercase style),All Upper Case / Proper Capitalization,drop,drop,CASE_DROP,Drop casing contrast for uncased scripts or scripts where uppercase/lowercase is not a native style dimension.
ps,kept,Presence of Misspelled Words,Sentence With a Few Misspelled Words / Normal Sentence,direct,direct,,
ps,kept,Usage of Text Emojis (ex. :-D type emoticons),Text Emojis / No Emojis,direct,direct,,
ps,kept,Usage of Emojis,With Emojis / No Emojis,direct,direct,,
pt,kept,Usage of Polite Tone,Polite / Impolite,direct,direct,,
pt,kept,Incorporation of Humor,With Humor / Without Humor,direct,direct,,
pt,kept,Usage of Sarcasm,With sarcasm / Without sarcasm,direct,direct,,
pt,kept,Usage of Metaphors,With metaphor / Without metaphor,direct,direct,,
pt,kept,Usage of Offensive Language,Offensive / Non-Offensive,direct,direct,,
pt,kept,Positive Sentiment Expression,Positive / Negative,direct,direct,,
pt,kept,Usage of Active Voice,Active / Passive,direct,direct,,
pt,kept,"Usage of Certain Tone (lack of uncertain words/phrases like 'I think', 'might', 'seems')",Certain / Uncertain,direct,direct,,
pt,kept,Usage of Self-Focused Perspective or Words,Self-focused / Inclusive-focused | Self-focused / You-focused | Self-focused / Third-person singular,direct,direct,,
pt,kept,Usage of Self-Focused Language,Self-focused / Audience-focused,direct,direct,,
pt,kept,Usage of Personal Pronouns,With personal pronouns / Less frequent pronouns,direct,direct,,
pt,kept,Usage of Present Tense and Present-Focused Words,Present-focused / Future-focused,direct,direct,,
pt,kept,Usage of Present-Focused Tense and Words,Present-focused / Past-focused,direct,direct,,
pt,kept,Usage of Words Indicating Affective Processes,Affective processes / Cognitive processes,direct,direct,,
pt,kept,Usage of Words Indicating Affective Process,Affective process / Perceptual process,direct,direct,,
pt,kept,Usage of Words Indicating Cognitive Processes,Cognitive process / Perceptual process,direct,direct,,
pt,kept,Usage of Articles,With articles / Less frequent articles,direct,direct,,
pt,kept,Fluency in Sentence Construction,Fluent sentence / Disfluent sentence,direct,direct,,
pt,kept,Frequent Usage of Function Words,With function words / Less frequent function words,direct,direct,,
pt,kept,Frequent Usage of Common Verbs,With common verbs / Less frequent common verbs,direct,direct,,
pt,kept,Usage of Pronouns,With pronouns / Less frequent pronouns,direct,direct,,
pt,kept,Usage of Prepositions,With prepositions / Less frequent prepositions,direct,direct,,
pt,kept,Frequent Usage of Determiners,With determiners / Less frequent determiners,direct,direct,,
pt,kept,Usage of Conjunctions,With conjunctions / Less frequent conjunctions,direct,direct,,
pt,kept,Usage of Nominalizations,With nominalizations / Without nominalizations,direct,direct,,
pt,kept,Usage of Long Words,Long average word length / Short average word length,direct,direct,,
pt,kept,Usage of Numerical Digits,With digits / Less frequent digits,direct,direct,,
pt,kept,Usage of Uppercase Letters,With uppercase letters / Without uppercase letters,direct,direct,,
pt,kept,Frequent Usage of Punctuation,With frequent punctuation / Less Frequent punctuation,direct,direct,,
pt,kept,Usage of Formal Tone,Formal / Informal,direct,direct,,
pt,kept,Complex Sentence Structure,Complex / Simple,direct,direct,,
pt,kept,Usage of Contractions,With contractions / Without contractions,direct,direct,,
pt,kept,Usage of Numerical Substitution (ex. hello -> h3llo type slang),With number substitution / Without number substitution,direct,direct,,
pt,kept,Usage of Only Lowercase Letters (all lowercase style),All Lower Case / Proper Capitalization,direct,direct,,
pt,kept,Usage of Only Uppercase Letters (all uppercase style),All Upper Case / Proper Capitalization,direct,direct,,
pt,kept,Presence of Misspelled Words,Sentence With a Few Misspelled Words / Normal Sentence,direct,direct,,
pt,kept,Usage of Text Emojis (ex. :-D type emoticons),Text Emojis / No Emojis,direct,direct,,
pt,kept,Usage of Emojis,With Emojis / No Emojis,direct,direct,,
ro,kept,Usage of Polite Tone,Polite / Impolite,direct,direct,,
ro,kept,Incorporation of Humor,With Humor / Without Humor,direct,direct,,
ro,kept,Usage of Sarcasm,With sarcasm / Without sarcasm,direct,direct,,
ro,kept,Usage of Metaphors,With metaphor / Without metaphor,direct,direct,,
ro,kept,Usage of Offensive Language,Offensive / Non-Offensive,direct,direct,,
ro,kept,Positive Sentiment Expression,Positive / Negative,direct,direct,,
ro,kept,Usage of Active Voice,Active / Passive,direct,direct,,
ro,kept,"Usage of Certain Tone (lack of uncertain words/phrases like 'I think', 'might', 'seems')",Certain / Uncertain,direct,direct,,
ro,kept,Usage of Self-Focused Perspective or Words,Self-focused / Inclusive-focused | Self-focused / You-focused | Self-focused / Third-person singular,direct,direct,,
ro,kept,Usage of Self-Focused Language,Self-focused / Audience-focused,direct,direct,,
ro,kept,Usage of Personal Pronouns,With personal pronouns / Less frequent pronouns,direct,direct,,
ro,kept,Usage of Present Tense and Present-Focused Words,Present-focused / Future-focused,direct,direct,,
ro,kept,Usage of Present-Focused Tense and Words,Present-focused / Past-focused,direct,direct,,
ro,kept,Usage of Words Indicating Affective Processes,Affective processes / Cognitive processes,direct,direct,,
ro,kept,Usage of Words Indicating Affective Process,Affective process / Perceptual process,direct,direct,,
ro,kept,Usage of Words Indicating Cognitive Processes,Cognitive process / Perceptual process,direct,direct,,
ro,kept,Usage of Articles,With articles / Less frequent articles,direct,direct,,
ro,kept,Fluency in Sentence Construction,Fluent sentence / Disfluent sentence,direct,direct,,
ro,kept,Frequent Usage of Function Words,With function words / Less frequent function words,direct,direct,,
ro,kept,Frequent Usage of Common Verbs,With common verbs / Less frequent common verbs,direct,direct,,
ro,kept,Usage of Pronouns,With pronouns / Less frequent pronouns,direct,direct,,
ro,kept,Usage of Prepositions,With prepositions / Less frequent prepositions,direct,direct,,
ro,kept,Frequent Usage of Determiners,With determiners / Less frequent determiners,direct,direct,,
ro,kept,Usage of Conjunctions,With conjunctions / Less frequent conjunctions,direct,direct,,
ro,kept,Usage of Nominalizations,With nominalizations / Without nominalizations,direct,direct,,
ro,kept,Usage of Long Words,Long average word length / Short average word length,direct,direct,,
ro,kept,Usage of Numerical Digits,With digits / Less frequent digits,direct,direct,,
ro,kept,Usage of Uppercase Letters,With uppercase letters / Without uppercase letters,direct,direct,,
ro,kept,Frequent Usage of Punctuation,With frequent punctuation / Less Frequent punctuation,direct,direct,,
ro,kept,Usage of Formal Tone,Formal / Informal,direct,direct,,
ro,kept,Complex Sentence Structure,Complex / Simple,direct,direct,,
ro,kept,Usage of Contractions,With contractions / Without contractions,direct,direct,,
ro,kept,Usage of Numerical Substitution (ex. hello -> h3llo type slang),With number substitution / Without number substitution,direct,direct,,
ro,kept,Usage of Only Lowercase Letters (all lowercase style),All Lower Case / Proper Capitalization,direct,direct,,
ro,kept,Usage of Only Uppercase Letters (all uppercase style),All Upper Case / Proper Capitalization,direct,direct,,
ro,kept,Presence of Misspelled Words,Sentence With a Few Misspelled Words / Normal Sentence,direct,direct,,
ro,kept,Usage of Text Emojis (ex. :-D type emoticons),Text Emojis / No Emojis,direct,direct,,
ro,kept,Usage of Emojis,With Emojis / No Emojis,direct,direct,,
ru,kept,Usage of Polite Tone,Polite / Impolite,direct,direct,,
ru,kept,Incorporation of Humor,With Humor / Without Humor,direct,direct,,
ru,kept,Usage of Sarcasm,With sarcasm / Without sarcasm,direct,direct,,
ru,kept,Usage of Metaphors,With metaphor / Without metaphor,direct,direct,,
ru,kept,Usage of Offensive Language,Offensive / Non-Offensive,direct,direct,,
ru,kept,Positive Sentiment Expression,Positive / Negative,direct,direct,,
ru,kept,Usage of Active Voice,Active / Passive,direct,direct,,
ru,kept,"Usage of Certain Tone (lack of uncertain words/phrases like 'I think', 'might', 'seems')",Certain / Uncertain,direct,direct,,
ru,kept,Usage of Self-Focused Perspective or Words,Self-focused / Inclusive-focused | Self-focused / You-focused | Self-focused / Third-person singular,direct,direct,,
ru,kept,Usage of Self-Focused Language,Self-focused / Audience-focused,direct,direct,,
ru,kept,Usage of Personal Pronouns,With personal pronouns / Less frequent pronouns,direct,direct,,
ru,kept,Usage of Present Tense and Present-Focused Words,Present-focused / Future-focused,direct,direct,,
ru,kept,Usage of Present-Focused Tense and Words,Present-focused / Past-focused,direct,direct,,
ru,kept,Usage of Words Indicating Affective Processes,Affective processes / Cognitive processes,direct,direct,,
ru,kept,Usage of Words Indicating Affective Process,Affective process / Perceptual process,direct,direct,,
ru,kept,Usage of Words Indicating Cognitive Processes,Cognitive process / Perceptual process,direct,direct,,
ru,kept,Usage of Articles,With articles / Less frequent articles,drop,drop,ART_DROP,Drop article contrast because the language lacks a stable article category comparable to English a/an/the.
ru,kept,Fluency in Sentence Construction,Fluent sentence / Disfluent sentence,direct,direct,,
ru,kept,Frequent Usage of Function Words,With function words / Less frequent function words,direct,direct,,
ru,kept,Frequent Usage of Common Verbs,With common verbs / Less frequent common verbs,direct,direct,,
ru,kept,Usage of Pronouns,With pronouns / Less frequent pronouns,direct,direct,,
ru,kept,Usage of Prepositions,With prepositions / Less frequent prepositions,direct,direct,,
ru,kept,Frequent Usage of Determiners,With determiners / Less frequent determiners,direct,direct,,
ru,kept,Usage of Conjunctions,With conjunctions / Less frequent conjunctions,direct,direct,,
ru,kept,Usage of Nominalizations,With nominalizations / Without nominalizations,direct,direct,,
ru,kept,Usage of Long Words,Long average word length / Short average word length,direct,direct,,
ru,kept,Usage of Numerical Digits,With digits / Less frequent digits,direct,direct,,
ru,kept,Usage of Uppercase Letters,With uppercase letters / Without uppercase letters,direct,direct,,
ru,kept,Frequent Usage of Punctuation,With frequent punctuation / Less Frequent punctuation,direct,direct,,
ru,kept,Usage of Formal Tone,Formal / Informal,direct,direct,,
ru,kept,Complex Sentence Structure,Complex / Simple,direct,direct,,
ru,kept,Usage of Contractions,With contractions / Without contractions,direct,direct,,
ru,kept,Usage of Numerical Substitution (ex. hello -> h3llo type slang),With number substitution / Without number substitution,adapt,drop,NUMSUB_ADAPT,Adapt to local Cyrillic or internet number substitutions; keep strict mode conservative.
ru,kept,Usage of Only Lowercase Letters (all lowercase style),All Lower Case / Proper Capitalization,direct,direct,,
ru,kept,Usage of Only Uppercase Letters (all uppercase style),All Upper Case / Proper Capitalization,direct,direct,,
ru,kept,Presence of Misspelled Words,Sentence With a Few Misspelled Words / Normal Sentence,direct,direct,,
ru,kept,Usage of Text Emojis (ex. :-D type emoticons),Text Emojis / No Emojis,direct,direct,,
ru,kept,Usage of Emojis,With Emojis / No Emojis,direct,direct,,
si,kept,Usage of Polite Tone,Polite / Impolite,direct,direct,,
si,kept,Incorporation of Humor,With Humor / Without Humor,direct,direct,,
si,kept,Usage of Sarcasm,With sarcasm / Without sarcasm,direct,direct,,
si,kept,Usage of Metaphors,With metaphor / Without metaphor,direct,direct,,
si,kept,Usage of Offensive Language,Offensive / Non-Offensive,direct,direct,,
si,kept,Positive Sentiment Expression,Positive / Negative,direct,direct,,
si,kept,Usage of Active Voice,Active / Passive,direct,direct,,
si,kept,"Usage of Certain Tone (lack of uncertain words/phrases like 'I think', 'might', 'seems')",Certain / Uncertain,direct,direct,,
si,kept,Usage of Self-Focused Perspective or Words,Self-focused / Inclusive-focused | Self-focused / You-focused | Self-focused / Third-person singular,direct,direct,,
si,kept,Usage of Self-Focused Language,Self-focused / Audience-focused,direct,direct,,
si,kept,Usage of Personal Pronouns,With personal pronouns / Less frequent pronouns,direct,direct,,
si,kept,Usage of Present Tense and Present-Focused Words,Present-focused / Future-focused,direct,direct,,
si,kept,Usage of Present-Focused Tense and Words,Present-focused / Past-focused,direct,direct,,
si,kept,Usage of Words Indicating Affective Processes,Affective processes / Cognitive processes,direct,direct,,
si,kept,Usage of Words Indicating Affective Process,Affective process / Perceptual process,direct,direct,,
si,kept,Usage of Words Indicating Cognitive Processes,Cognitive process / Perceptual process,direct,direct,,
si,kept,Usage of Articles,With articles / Less frequent articles,drop,drop,ART_DROP,Drop article contrast because the language lacks a stable article category comparable to English a/an/the.
si,kept,Fluency in Sentence Construction,Fluent sentence / Disfluent sentence,direct,direct,,
si,kept,Frequent Usage of Function Words,With function words / Less frequent function words,direct,direct,,
si,kept,Frequent Usage of Common Verbs,With common verbs / Less frequent common verbs,direct,direct,,
si,kept,Usage of Pronouns,With pronouns / Less frequent pronouns,direct,direct,,
si,kept,Usage of Prepositions,With prepositions / Less frequent prepositions,adapt,drop,PREP_ADAPT,"Adapt preposition frequency to adpositions, postpositions, case suffixes, or case particles used for the same grammatical relations."
si,kept,Frequent Usage of Determiners,With determiners / Less frequent determiners,direct,direct,,
si,kept,Usage of Conjunctions,With conjunctions / Less frequent conjunctions,direct,direct,,
si,kept,Usage of Nominalizations,With nominalizations / Without nominalizations,direct,direct,,
si,kept,Usage of Long Words,Long average word length / Short average word length,direct,direct,,
si,kept,Usage of Numerical Digits,With digits / Less frequent digits,direct,direct,,
si,kept,Usage of Uppercase Letters,With uppercase letters / Without uppercase letters,drop,drop,CASE_DROP,Drop casing contrast for uncased scripts or scripts where uppercase/lowercase is not a native style dimension.
si,kept,Frequent Usage of Punctuation,With frequent punctuation / Less Frequent punctuation,direct,direct,,
si,kept,Usage of Formal Tone,Formal / Informal,direct,direct,,
si,kept,Complex Sentence Structure,Complex / Simple,direct,direct,,
si,kept,Usage of Contractions,With contractions / Without contractions,direct,direct,,
si,kept,Usage of Numerical Substitution (ex. hello -> h3llo type slang),With number substitution / Without number substitution,drop,drop,NUMSUB_DROP,Drop numerical substitution because a robust local digit-substitution convention was not assumed for this pass.
si,kept,Usage of Only Lowercase Letters (all lowercase style),All Lower Case / Proper Capitalization,drop,drop,CASE_DROP,Drop casing contrast for uncased scripts or scripts where uppercase/lowercase is not a native style dimension.
si,kept,Usage of Only Uppercase Letters (all uppercase style),All Upper Case / Proper Capitalization,drop,drop,CASE_DROP,Drop casing contrast for uncased scripts or scripts where uppercase/lowercase is not a native style dimension.
si,kept,Presence of Misspelled Words,Sentence With a Few Misspelled Words / Normal Sentence,direct,direct,,
si,kept,Usage of Text Emojis (ex. :-D type emoticons),Text Emojis / No Emojis,direct,direct,,
si,kept,Usage of Emojis,With Emojis / No Emojis,direct,direct,,
sk,kept,Usage of Polite Tone,Polite / Impolite,direct,direct,,
sk,kept,Incorporation of Humor,With Humor / Without Humor,direct,direct,,
sk,kept,Usage of Sarcasm,With sarcasm / Without sarcasm,direct,direct,,
sk,kept,Usage of Metaphors,With metaphor / Without metaphor,direct,direct,,
sk,kept,Usage of Offensive Language,Offensive / Non-Offensive,direct,direct,,
sk,kept,Positive Sentiment Expression,Positive / Negative,direct,direct,,
sk,kept,Usage of Active Voice,Active / Passive,direct,direct,,
sk,kept,"Usage of Certain Tone (lack of uncertain words/phrases like 'I think', 'might', 'seems')",Certain / Uncertain,direct,direct,,
sk,kept,Usage of Self-Focused Perspective or Words,Self-focused / Inclusive-focused | Self-focused / You-focused | Self-focused / Third-person singular,direct,direct,,
sk,kept,Usage of Self-Focused Language,Self-focused / Audience-focused,direct,direct,,
sk,kept,Usage of Personal Pronouns,With personal pronouns / Less frequent pronouns,direct,direct,,
sk,kept,Usage of Present Tense and Present-Focused Words,Present-focused / Future-focused,direct,direct,,
sk,kept,Usage of Present-Focused Tense and Words,Present-focused / Past-focused,direct,direct,,
sk,kept,Usage of Words Indicating Affective Processes,Affective processes / Cognitive processes,direct,direct,,
sk,kept,Usage of Words Indicating Affective Process,Affective process / Perceptual process,direct,direct,,
sk,kept,Usage of Words Indicating Cognitive Processes,Cognitive process / Perceptual process,direct,direct,,
sk,kept,Usage of Articles,With articles / Less frequent articles,drop,drop,ART_DROP,Drop article contrast because the language lacks a stable article category comparable to English a/an/the.
sk,kept,Fluency in Sentence Construction,Fluent sentence / Disfluent sentence,direct,direct,,
sk,kept,Frequent Usage of Function Words,With function words / Less frequent function words,direct,direct,,
sk,kept,Frequent Usage of Common Verbs,With common verbs / Less frequent common verbs,direct,direct,,
sk,kept,Usage of Pronouns,With pronouns / Less frequent pronouns,direct,direct,,
sk,kept,Usage of Prepositions,With prepositions / Less frequent prepositions,direct,direct,,
sk,kept,Frequent Usage of Determiners,With determiners / Less frequent determiners,direct,direct,,
sk,kept,Usage of Conjunctions,With conjunctions / Less frequent conjunctions,direct,direct,,
sk,kept,Usage of Nominalizations,With nominalizations / Without nominalizations,direct,direct,,
sk,kept,Usage of Long Words,Long average word length / Short average word length,direct,direct,,
sk,kept,Usage of Numerical Digits,With digits / Less frequent digits,direct,direct,,
sk,kept,Usage of Uppercase Letters,With uppercase letters / Without uppercase letters,direct,direct,,
sk,kept,Frequent Usage of Punctuation,With frequent punctuation / Less Frequent punctuation,direct,direct,,
sk,kept,Usage of Formal Tone,Formal / Informal,direct,direct,,
sk,kept,Complex Sentence Structure,Complex / Simple,direct,direct,,
sk,kept,Usage of Contractions,With contractions / Without contractions,direct,direct,,
sk,kept,Usage of Numerical Substitution (ex. hello -> h3llo type slang),With number substitution / Without number substitution,direct,direct,,
sk,kept,Usage of Only Lowercase Letters (all lowercase style),All Lower Case / Proper Capitalization,direct,direct,,
sk,kept,Usage of Only Uppercase Letters (all uppercase style),All Upper Case / Proper Capitalization,direct,direct,,
sk,kept,Presence of Misspelled Words,Sentence With a Few Misspelled Words / Normal Sentence,direct,direct,,
sk,kept,Usage of Text Emojis (ex. :-D type emoticons),Text Emojis / No Emojis,direct,direct,,
sk,kept,Usage of Emojis,With Emojis / No Emojis,direct,direct,,
sl,kept,Usage of Polite Tone,Polite / Impolite,direct,direct,,
sl,kept,Incorporation of Humor,With Humor / Without Humor,direct,direct,,
sl,kept,Usage of Sarcasm,With sarcasm / Without sarcasm,direct,direct,,
sl,kept,Usage of Metaphors,With metaphor / Without metaphor,direct,direct,,
sl,kept,Usage of Offensive Language,Offensive / Non-Offensive,direct,direct,,
sl,kept,Positive Sentiment Expression,Positive / Negative,direct,direct,,
sl,kept,Usage of Active Voice,Active / Passive,direct,direct,,
sl,kept,"Usage of Certain Tone (lack of uncertain words/phrases like 'I think', 'might', 'seems')",Certain / Uncertain,direct,direct,,
sl,kept,Usage of Self-Focused Perspective or Words,Self-focused / Inclusive-focused | Self-focused / You-focused | Self-focused / Third-person singular,direct,direct,,
sl,kept,Usage of Self-Focused Language,Self-focused / Audience-focused,direct,direct,,
sl,kept,Usage of Personal Pronouns,With personal pronouns / Less frequent pronouns,direct,direct,,
sl,kept,Usage of Present Tense and Present-Focused Words,Present-focused / Future-focused,direct,direct,,
sl,kept,Usage of Present-Focused Tense and Words,Present-focused / Past-focused,direct,direct,,
sl,kept,Usage of Words Indicating Affective Processes,Affective processes / Cognitive processes,direct,direct,,
sl,kept,Usage of Words Indicating Affective Process,Affective process / Perceptual process,direct,direct,,
sl,kept,Usage of Words Indicating Cognitive Processes,Cognitive process / Perceptual process,direct,direct,,
sl,kept,Usage of Articles,With articles / Less frequent articles,drop,drop,ART_DROP,Drop article contrast because the language lacks a stable article category comparable to English a/an/the.
sl,kept,Fluency in Sentence Construction,Fluent sentence / Disfluent sentence,direct,direct,,
sl,kept,Frequent Usage of Function Words,With function words / Less frequent function words,direct,direct,,
sl,kept,Frequent Usage of Common Verbs,With common verbs / Less frequent common verbs,direct,direct,,
sl,kept,Usage of Pronouns,With pronouns / Less frequent pronouns,direct,direct,,
sl,kept,Usage of Prepositions,With prepositions / Less frequent prepositions,direct,direct,,
sl,kept,Frequent Usage of Determiners,With determiners / Less frequent determiners,direct,direct,,
sl,kept,Usage of Conjunctions,With conjunctions / Less frequent conjunctions,direct,direct,,
sl,kept,Usage of Nominalizations,With nominalizations / Without nominalizations,direct,direct,,
sl,kept,Usage of Long Words,Long average word length / Short average word length,direct,direct,,
sl,kept,Usage of Numerical Digits,With digits / Less frequent digits,direct,direct,,
sl,kept,Usage of Uppercase Letters,With uppercase letters / Without uppercase letters,direct,direct,,
sl,kept,Frequent Usage of Punctuation,With frequent punctuation / Less Frequent punctuation,direct,direct,,
sl,kept,Usage of Formal Tone,Formal / Informal,direct,direct,,
sl,kept,Complex Sentence Structure,Complex / Simple,direct,direct,,
sl,kept,Usage of Contractions,With contractions / Without contractions,direct,direct,,
sl,kept,Usage of Numerical Substitution (ex. hello -> h3llo type slang),With number substitution / Without number substitution,direct,direct,,
sl,kept,Usage of Only Lowercase Letters (all lowercase style),All Lower Case / Proper Capitalization,direct,direct,,
sl,kept,Usage of Only Uppercase Letters (all uppercase style),All Upper Case / Proper Capitalization,direct,direct,,
sl,kept,Presence of Misspelled Words,Sentence With a Few Misspelled Words / Normal Sentence,direct,direct,,
sl,kept,Usage of Text Emojis (ex. :-D type emoticons),Text Emojis / No Emojis,direct,direct,,
sl,kept,Usage of Emojis,With Emojis / No Emojis,direct,direct,,
so,dropped_quality,Usage of Polite Tone,Polite / Impolite,direct,direct,,
so,dropped_quality,Incorporation of Humor,With Humor / Without Humor,direct,direct,,
so,dropped_quality,Usage of Sarcasm,With sarcasm / Without sarcasm,direct,direct,,
so,dropped_quality,Usage of Metaphors,With metaphor / Without metaphor,direct,direct,,
so,dropped_quality,Usage of Offensive Language,Offensive / Non-Offensive,direct,direct,,
so,dropped_quality,Positive Sentiment Expression,Positive / Negative,direct,direct,,
so,dropped_quality,Usage of Active Voice,Active / Passive,direct,direct,,
so,dropped_quality,"Usage of Certain Tone (lack of uncertain words/phrases like 'I think', 'might', 'seems')",Certain / Uncertain,direct,direct,,
so,dropped_quality,Usage of Self-Focused Perspective or Words,Self-focused / Inclusive-focused | Self-focused / You-focused | Self-focused / Third-person singular,direct,direct,,
so,dropped_quality,Usage of Self-Focused Language,Self-focused / Audience-focused,direct,direct,,
so,dropped_quality,Usage of Personal Pronouns,With personal pronouns / Less frequent pronouns,direct,direct,,
so,dropped_quality,Usage of Present Tense and Present-Focused Words,Present-focused / Future-focused,direct,direct,,
so,dropped_quality,Usage of Present-Focused Tense and Words,Present-focused / Past-focused,direct,direct,,
so,dropped_quality,Usage of Words Indicating Affective Processes,Affective processes / Cognitive processes,direct,direct,,
so,dropped_quality,Usage of Words Indicating Affective Process,Affective process / Perceptual process,direct,direct,,
so,dropped_quality,Usage of Words Indicating Cognitive Processes,Cognitive process / Perceptual process,direct,direct,,
so,dropped_quality,Usage of Articles,With articles / Less frequent articles,direct,direct,,
so,dropped_quality,Fluency in Sentence Construction,Fluent sentence / Disfluent sentence,direct,direct,,
so,dropped_quality,Frequent Usage of Function Words,With function words / Less frequent function words,direct,direct,,
so,dropped_quality,Frequent Usage of Common Verbs,With common verbs / Less frequent common verbs,direct,direct,,
so,dropped_quality,Usage of Pronouns,With pronouns / Less frequent pronouns,direct,direct,,
so,dropped_quality,Usage of Prepositions,With prepositions / Less frequent prepositions,direct,direct,,
so,dropped_quality,Frequent Usage of Determiners,With determiners / Less frequent determiners,direct,direct,,
so,dropped_quality,Usage of Conjunctions,With conjunctions / Less frequent conjunctions,direct,direct,,
so,dropped_quality,Usage of Nominalizations,With nominalizations / Without nominalizations,direct,direct,,
so,dropped_quality,Usage of Long Words,Long average word length / Short average word length,direct,direct,,
so,dropped_quality,Usage of Numerical Digits,With digits / Less frequent digits,direct,direct,,
so,dropped_quality,Usage of Uppercase Letters,With uppercase letters / Without uppercase letters,direct,direct,,
so,dropped_quality,Frequent Usage of Punctuation,With frequent punctuation / Less Frequent punctuation,direct,direct,,
so,dropped_quality,Usage of Formal Tone,Formal / Informal,direct,direct,,
so,dropped_quality,Complex Sentence Structure,Complex / Simple,direct,direct,,
so,dropped_quality,Usage of Contractions,With contractions / Without contractions,direct,direct,,
so,dropped_quality,Usage of Numerical Substitution (ex. hello -> h3llo type slang),With number substitution / Without number substitution,direct,direct,,
so,dropped_quality,Usage of Only Lowercase Letters (all lowercase style),All Lower Case / Proper Capitalization,direct,direct,,
so,dropped_quality,Usage of Only Uppercase Letters (all uppercase style),All Upper Case / Proper Capitalization,direct,direct,,
so,dropped_quality,Presence of Misspelled Words,Sentence With a Few Misspelled Words / Normal Sentence,direct,direct,,
so,dropped_quality,Usage of Text Emojis (ex. :-D type emoticons),Text Emojis / No Emojis,direct,direct,,
so,dropped_quality,Usage of Emojis,With Emojis / No Emojis,direct,direct,,
sq,kept,Usage of Polite Tone,Polite / Impolite,direct,direct,,
sq,kept,Incorporation of Humor,With Humor / Without Humor,direct,direct,,
sq,kept,Usage of Sarcasm,With sarcasm / Without sarcasm,direct,direct,,
sq,kept,Usage of Metaphors,With metaphor / Without metaphor,direct,direct,,
sq,kept,Usage of Offensive Language,Offensive / Non-Offensive,direct,direct,,
sq,kept,Positive Sentiment Expression,Positive / Negative,direct,direct,,
sq,kept,Usage of Active Voice,Active / Passive,direct,direct,,
sq,kept,"Usage of Certain Tone (lack of uncertain words/phrases like 'I think', 'might', 'seems')",Certain / Uncertain,direct,direct,,
sq,kept,Usage of Self-Focused Perspective or Words,Self-focused / Inclusive-focused | Self-focused / You-focused | Self-focused / Third-person singular,direct,direct,,
sq,kept,Usage of Self-Focused Language,Self-focused / Audience-focused,direct,direct,,
sq,kept,Usage of Personal Pronouns,With personal pronouns / Less frequent pronouns,direct,direct,,
sq,kept,Usage of Present Tense and Present-Focused Words,Present-focused / Future-focused,direct,direct,,
sq,kept,Usage of Present-Focused Tense and Words,Present-focused / Past-focused,direct,direct,,
sq,kept,Usage of Words Indicating Affective Processes,Affective processes / Cognitive processes,direct,direct,,
sq,kept,Usage of Words Indicating Affective Process,Affective process / Perceptual process,direct,direct,,
sq,kept,Usage of Words Indicating Cognitive Processes,Cognitive process / Perceptual process,direct,direct,,
sq,kept,Usage of Articles,With articles / Less frequent articles,direct,direct,,
sq,kept,Fluency in Sentence Construction,Fluent sentence / Disfluent sentence,direct,direct,,
sq,kept,Frequent Usage of Function Words,With function words / Less frequent function words,direct,direct,,
sq,kept,Frequent Usage of Common Verbs,With common verbs / Less frequent common verbs,direct,direct,,
sq,kept,Usage of Pronouns,With pronouns / Less frequent pronouns,direct,direct,,
sq,kept,Usage of Prepositions,With prepositions / Less frequent prepositions,direct,direct,,
sq,kept,Frequent Usage of Determiners,With determiners / Less frequent determiners,direct,direct,,
sq,kept,Usage of Conjunctions,With conjunctions / Less frequent conjunctions,direct,direct,,
sq,kept,Usage of Nominalizations,With nominalizations / Without nominalizations,direct,direct,,
sq,kept,Usage of Long Words,Long average word length / Short average word length,direct,direct,,
sq,kept,Usage of Numerical Digits,With digits / Less frequent digits,direct,direct,,
sq,kept,Usage of Uppercase Letters,With uppercase letters / Without uppercase letters,direct,direct,,
sq,kept,Frequent Usage of Punctuation,With frequent punctuation / Less Frequent punctuation,direct,direct,,
sq,kept,Usage of Formal Tone,Formal / Informal,direct,direct,,
sq,kept,Complex Sentence Structure,Complex / Simple,direct,direct,,
sq,kept,Usage of Contractions,With contractions / Without contractions,direct,direct,,
sq,kept,Usage of Numerical Substitution (ex. hello -> h3llo type slang),With number substitution / Without number substitution,direct,direct,,
sq,kept,Usage of Only Lowercase Letters (all lowercase style),All Lower Case / Proper Capitalization,direct,direct,,
sq,kept,Usage of Only Uppercase Letters (all uppercase style),All Upper Case / Proper Capitalization,direct,direct,,
sq,kept,Presence of Misspelled Words,Sentence With a Few Misspelled Words / Normal Sentence,direct,direct,,
sq,kept,Usage of Text Emojis (ex. :-D type emoticons),Text Emojis / No Emojis,direct,direct,,
sq,kept,Usage of Emojis,With Emojis / No Emojis,direct,direct,,
sv,kept,Usage of Polite Tone,Polite / Impolite,direct,direct,,
sv,kept,Incorporation of Humor,With Humor / Without Humor,direct,direct,,
sv,kept,Usage of Sarcasm,With sarcasm / Without sarcasm,direct,direct,,
sv,kept,Usage of Metaphors,With metaphor / Without metaphor,direct,direct,,
sv,kept,Usage of Offensive Language,Offensive / Non-Offensive,direct,direct,,
sv,kept,Positive Sentiment Expression,Positive / Negative,direct,direct,,
sv,kept,Usage of Active Voice,Active / Passive,direct,direct,,
sv,kept,"Usage of Certain Tone (lack of uncertain words/phrases like 'I think', 'might', 'seems')",Certain / Uncertain,direct,direct,,
sv,kept,Usage of Self-Focused Perspective or Words,Self-focused / Inclusive-focused | Self-focused / You-focused | Self-focused / Third-person singular,direct,direct,,
sv,kept,Usage of Self-Focused Language,Self-focused / Audience-focused,direct,direct,,
sv,kept,Usage of Personal Pronouns,With personal pronouns / Less frequent pronouns,direct,direct,,
sv,kept,Usage of Present Tense and Present-Focused Words,Present-focused / Future-focused,direct,direct,,
sv,kept,Usage of Present-Focused Tense and Words,Present-focused / Past-focused,direct,direct,,
sv,kept,Usage of Words Indicating Affective Processes,Affective processes / Cognitive processes,direct,direct,,
sv,kept,Usage of Words Indicating Affective Process,Affective process / Perceptual process,direct,direct,,
sv,kept,Usage of Words Indicating Cognitive Processes,Cognitive process / Perceptual process,direct,direct,,
sv,kept,Usage of Articles,With articles / Less frequent articles,direct,direct,,
sv,kept,Fluency in Sentence Construction,Fluent sentence / Disfluent sentence,direct,direct,,
sv,kept,Frequent Usage of Function Words,With function words / Less frequent function words,direct,direct,,
sv,kept,Frequent Usage of Common Verbs,With common verbs / Less frequent common verbs,direct,direct,,
sv,kept,Usage of Pronouns,With pronouns / Less frequent pronouns,direct,direct,,
sv,kept,Usage of Prepositions,With prepositions / Less frequent prepositions,direct,direct,,
sv,kept,Frequent Usage of Determiners,With determiners / Less frequent determiners,direct,direct,,
sv,kept,Usage of Conjunctions,With conjunctions / Less frequent conjunctions,direct,direct,,
sv,kept,Usage of Nominalizations,With nominalizations / Without nominalizations,direct,direct,,
sv,kept,Usage of Long Words,Long average word length / Short average word length,direct,direct,,
sv,kept,Usage of Numerical Digits,With digits / Less frequent digits,direct,direct,,
sv,kept,Usage of Uppercase Letters,With uppercase letters / Without uppercase letters,direct,direct,,
sv,kept,Frequent Usage of Punctuation,With frequent punctuation / Less Frequent punctuation,direct,direct,,
sv,kept,Usage of Formal Tone,Formal / Informal,direct,direct,,
sv,kept,Complex Sentence Structure,Complex / Simple,direct,direct,,
sv,kept,Usage of Contractions,With contractions / Without contractions,direct,direct,,
sv,kept,Usage of Numerical Substitution (ex. hello -> h3llo type slang),With number substitution / Without number substitution,direct,direct,,
sv,kept,Usage of Only Lowercase Letters (all lowercase style),All Lower Case / Proper Capitalization,direct,direct,,
sv,kept,Usage of Only Uppercase Letters (all uppercase style),All Upper Case / Proper Capitalization,direct,direct,,
sv,kept,Presence of Misspelled Words,Sentence With a Few Misspelled Words / Normal Sentence,direct,direct,,
sv,kept,Usage of Text Emojis (ex. :-D type emoticons),Text Emojis / No Emojis,direct,direct,,
sv,kept,Usage of Emojis,With Emojis / No Emojis,direct,direct,,
sw,dropped_quality,Usage of Polite Tone,Polite / Impolite,direct,direct,,
sw,dropped_quality,Incorporation of Humor,With Humor / Without Humor,direct,direct,,
sw,dropped_quality,Usage of Sarcasm,With sarcasm / Without sarcasm,direct,direct,,
sw,dropped_quality,Usage of Metaphors,With metaphor / Without metaphor,direct,direct,,
sw,dropped_quality,Usage of Offensive Language,Offensive / Non-Offensive,direct,direct,,
sw,dropped_quality,Positive Sentiment Expression,Positive / Negative,direct,direct,,
sw,dropped_quality,Usage of Active Voice,Active / Passive,direct,direct,,
sw,dropped_quality,"Usage of Certain Tone (lack of uncertain words/phrases like 'I think', 'might', 'seems')",Certain / Uncertain,direct,direct,,
sw,dropped_quality,Usage of Self-Focused Perspective or Words,Self-focused / Inclusive-focused | Self-focused / You-focused | Self-focused / Third-person singular,direct,direct,,
sw,dropped_quality,Usage of Self-Focused Language,Self-focused / Audience-focused,direct,direct,,
sw,dropped_quality,Usage of Personal Pronouns,With personal pronouns / Less frequent pronouns,direct,direct,,
sw,dropped_quality,Usage of Present Tense and Present-Focused Words,Present-focused / Future-focused,direct,direct,,
sw,dropped_quality,Usage of Present-Focused Tense and Words,Present-focused / Past-focused,direct,direct,,
sw,dropped_quality,Usage of Words Indicating Affective Processes,Affective processes / Cognitive processes,direct,direct,,
sw,dropped_quality,Usage of Words Indicating Affective Process,Affective process / Perceptual process,direct,direct,,
sw,dropped_quality,Usage of Words Indicating Cognitive Processes,Cognitive process / Perceptual process,direct,direct,,
sw,dropped_quality,Usage of Articles,With articles / Less frequent articles,drop,drop,ART_DROP,Drop article contrast because the language lacks a stable article category comparable to English a/an/the.
sw,dropped_quality,Fluency in Sentence Construction,Fluent sentence / Disfluent sentence,direct,direct,,
sw,dropped_quality,Frequent Usage of Function Words,With function words / Less frequent function words,direct,direct,,
sw,dropped_quality,Frequent Usage of Common Verbs,With common verbs / Less frequent common verbs,direct,direct,,
sw,dropped_quality,Usage of Pronouns,With pronouns / Less frequent pronouns,direct,direct,,
sw,dropped_quality,Usage of Prepositions,With prepositions / Less frequent prepositions,direct,direct,,
sw,dropped_quality,Frequent Usage of Determiners,With determiners / Less frequent determiners,direct,direct,,
sw,dropped_quality,Usage of Conjunctions,With conjunctions / Less frequent conjunctions,direct,direct,,
sw,dropped_quality,Usage of Nominalizations,With nominalizations / Without nominalizations,direct,direct,,
sw,dropped_quality,Usage of Long Words,Long average word length / Short average word length,direct,direct,,
sw,dropped_quality,Usage of Numerical Digits,With digits / Less frequent digits,direct,direct,,
sw,dropped_quality,Usage of Uppercase Letters,With uppercase letters / Without uppercase letters,direct,direct,,
sw,dropped_quality,Frequent Usage of Punctuation,With frequent punctuation / Less Frequent punctuation,direct,direct,,
sw,dropped_quality,Usage of Formal Tone,Formal / Informal,direct,direct,,
sw,dropped_quality,Complex Sentence Structure,Complex / Simple,direct,direct,,
sw,dropped_quality,Usage of Contractions,With contractions / Without contractions,direct,direct,,
sw,dropped_quality,Usage of Numerical Substitution (ex. hello -> h3llo type slang),With number substitution / Without number substitution,direct,direct,,
sw,dropped_quality,Usage of Only Lowercase Letters (all lowercase style),All Lower Case / Proper Capitalization,direct,direct,,
sw,dropped_quality,Usage of Only Uppercase Letters (all uppercase style),All Upper Case / Proper Capitalization,direct,direct,,
sw,dropped_quality,Presence of Misspelled Words,Sentence With a Few Misspelled Words / Normal Sentence,direct,direct,,
sw,dropped_quality,Usage of Text Emojis (ex. :-D type emoticons),Text Emojis / No Emojis,direct,direct,,
sw,dropped_quality,Usage of Emojis,With Emojis / No Emojis,direct,direct,,
ta,kept,Usage of Polite Tone,Polite / Impolite,direct,direct,,
ta,kept,Incorporation of Humor,With Humor / Without Humor,direct,direct,,
ta,kept,Usage of Sarcasm,With sarcasm / Without sarcasm,direct,direct,,
ta,kept,Usage of Metaphors,With metaphor / Without metaphor,direct,direct,,
ta,kept,Usage of Offensive Language,Offensive / Non-Offensive,direct,direct,,
ta,kept,Positive Sentiment Expression,Positive / Negative,direct,direct,,
ta,kept,Usage of Active Voice,Active / Passive,direct,direct,,
ta,kept,"Usage of Certain Tone (lack of uncertain words/phrases like 'I think', 'might', 'seems')",Certain / Uncertain,direct,direct,,
ta,kept,Usage of Self-Focused Perspective or Words,Self-focused / Inclusive-focused | Self-focused / You-focused | Self-focused / Third-person singular,direct,direct,,
ta,kept,Usage of Self-Focused Language,Self-focused / Audience-focused,direct,direct,,
ta,kept,Usage of Personal Pronouns,With personal pronouns / Less frequent pronouns,direct,direct,,
ta,kept,Usage of Present Tense and Present-Focused Words,Present-focused / Future-focused,direct,direct,,
ta,kept,Usage of Present-Focused Tense and Words,Present-focused / Past-focused,direct,direct,,
ta,kept,Usage of Words Indicating Affective Processes,Affective processes / Cognitive processes,direct,direct,,
ta,kept,Usage of Words Indicating Affective Process,Affective process / Perceptual process,direct,direct,,
ta,kept,Usage of Words Indicating Cognitive Processes,Cognitive process / Perceptual process,direct,direct,,
ta,kept,Usage of Articles,With articles / Less frequent articles,drop,drop,ART_DROP,Drop article contrast because the language lacks a stable article category comparable to English a/an/the.
ta,kept,Fluency in Sentence Construction,Fluent sentence / Disfluent sentence,direct,direct,,
ta,kept,Frequent Usage of Function Words,With function words / Less frequent function words,direct,direct,,
ta,kept,Frequent Usage of Common Verbs,With common verbs / Less frequent common verbs,direct,direct,,
ta,kept,Usage of Pronouns,With pronouns / Less frequent pronouns,direct,direct,,
ta,kept,Usage of Prepositions,With prepositions / Less frequent prepositions,adapt,drop,PREP_ADAPT,"Adapt preposition frequency to adpositions, postpositions, case suffixes, or case particles used for the same grammatical relations."
ta,kept,Frequent Usage of Determiners,With determiners / Less frequent determiners,direct,direct,,
ta,kept,Usage of Conjunctions,With conjunctions / Less frequent conjunctions,direct,direct,,
ta,kept,Usage of Nominalizations,With nominalizations / Without nominalizations,direct,direct,,
ta,kept,Usage of Long Words,Long average word length / Short average word length,direct,direct,,
ta,kept,Usage of Numerical Digits,With digits / Less frequent digits,direct,direct,,
ta,kept,Usage of Uppercase Letters,With uppercase letters / Without uppercase letters,drop,drop,CASE_DROP,Drop casing contrast for uncased scripts or scripts where uppercase/lowercase is not a native style dimension.
ta,kept,Frequent Usage of Punctuation,With frequent punctuation / Less Frequent punctuation,direct,direct,,
ta,kept,Usage of Formal Tone,Formal / Informal,direct,direct,,
ta,kept,Complex Sentence Structure,Complex / Simple,direct,direct,,
ta,kept,Usage of Contractions,With contractions / Without contractions,direct,direct,,
ta,kept,Usage of Numerical Substitution (ex. hello -> h3llo type slang),With number substitution / Without number substitution,drop,drop,NUMSUB_DROP,Drop numerical substitution because a robust local digit-substitution convention was not assumed for this pass.
ta,kept,Usage of Only Lowercase Letters (all lowercase style),All Lower Case / Proper Capitalization,drop,drop,CASE_DROP,Drop casing contrast for uncased scripts or scripts where uppercase/lowercase is not a native style dimension.
ta,kept,Usage of Only Uppercase Letters (all uppercase style),All Upper Case / Proper Capitalization,drop,drop,CASE_DROP,Drop casing contrast for uncased scripts or scripts where uppercase/lowercase is not a native style dimension.
ta,kept,Presence of Misspelled Words,Sentence With a Few Misspelled Words / Normal Sentence,direct,direct,,
ta,kept,Usage of Text Emojis (ex. :-D type emoticons),Text Emojis / No Emojis,direct,direct,,
ta,kept,Usage of Emojis,With Emojis / No Emojis,direct,direct,,
te,kept,Usage of Polite Tone,Polite / Impolite,direct,direct,,
te,kept,Incorporation of Humor,With Humor / Without Humor,direct,direct,,
te,kept,Usage of Sarcasm,With sarcasm / Without sarcasm,direct,direct,,
te,kept,Usage of Metaphors,With metaphor / Without metaphor,direct,direct,,
te,kept,Usage of Offensive Language,Offensive / Non-Offensive,direct,direct,,
te,kept,Positive Sentiment Expression,Positive / Negative,direct,direct,,
te,kept,Usage of Active Voice,Active / Passive,direct,direct,,
te,kept,"Usage of Certain Tone (lack of uncertain words/phrases like 'I think', 'might', 'seems')",Certain / Uncertain,direct,direct,,
te,kept,Usage of Self-Focused Perspective or Words,Self-focused / Inclusive-focused | Self-focused / You-focused | Self-focused / Third-person singular,direct,direct,,
te,kept,Usage of Self-Focused Language,Self-focused / Audience-focused,direct,direct,,
te,kept,Usage of Personal Pronouns,With personal pronouns / Less frequent pronouns,direct,direct,,
te,kept,Usage of Present Tense and Present-Focused Words,Present-focused / Future-focused,direct,direct,,
te,kept,Usage of Present-Focused Tense and Words,Present-focused / Past-focused,direct,direct,,
te,kept,Usage of Words Indicating Affective Processes,Affective processes / Cognitive processes,direct,direct,,
te,kept,Usage of Words Indicating Affective Process,Affective process / Perceptual process,direct,direct,,
te,kept,Usage of Words Indicating Cognitive Processes,Cognitive process / Perceptual process,direct,direct,,
te,kept,Usage of Articles,With articles / Less frequent articles,drop,drop,ART_DROP,Drop article contrast because the language lacks a stable article category comparable to English a/an/the.
te,kept,Fluency in Sentence Construction,Fluent sentence / Disfluent sentence,direct,direct,,
te,kept,Frequent Usage of Function Words,With function words / Less frequent function words,direct,direct,,
te,kept,Frequent Usage of Common Verbs,With common verbs / Less frequent common verbs,direct,direct,,
te,kept,Usage of Pronouns,With pronouns / Less frequent pronouns,direct,direct,,
te,kept,Usage of Prepositions,With prepositions / Less frequent prepositions,adapt,drop,PREP_ADAPT,"Adapt preposition frequency to adpositions, postpositions, case suffixes, or case particles used for the same grammatical relations."
te,kept,Frequent Usage of Determiners,With determiners / Less frequent determiners,direct,direct,,
te,kept,Usage of Conjunctions,With conjunctions / Less frequent conjunctions,direct,direct,,
te,kept,Usage of Nominalizations,With nominalizations / Without nominalizations,direct,direct,,
te,kept,Usage of Long Words,Long average word length / Short average word length,direct,direct,,
te,kept,Usage of Numerical Digits,With digits / Less frequent digits,direct,direct,,
te,kept,Usage of Uppercase Letters,With uppercase letters / Without uppercase letters,drop,drop,CASE_DROP,Drop casing contrast for uncased scripts or scripts where uppercase/lowercase is not a native style dimension.
te,kept,Frequent Usage of Punctuation,With frequent punctuation / Less Frequent punctuation,direct,direct,,
te,kept,Usage of Formal Tone,Formal / Informal,direct,direct,,
te,kept,Complex Sentence Structure,Complex / Simple,direct,direct,,
te,kept,Usage of Contractions,With contractions / Without contractions,direct,direct,,
te,kept,Usage of Numerical Substitution (ex. hello -> h3llo type slang),With number substitution / Without number substitution,drop,drop,NUMSUB_DROP,Drop numerical substitution because a robust local digit-substitution convention was not assumed for this pass.
te,kept,Usage of Only Lowercase Letters (all lowercase style),All Lower Case / Proper Capitalization,drop,drop,CASE_DROP,Drop casing contrast for uncased scripts or scripts where uppercase/lowercase is not a native style dimension.
te,kept,Usage of Only Uppercase Letters (all uppercase style),All Upper Case / Proper Capitalization,drop,drop,CASE_DROP,Drop casing contrast for uncased scripts or scripts where uppercase/lowercase is not a native style dimension.
te,kept,Presence of Misspelled Words,Sentence With a Few Misspelled Words / Normal Sentence,direct,direct,,
te,kept,Usage of Text Emojis (ex. :-D type emoticons),Text Emojis / No Emojis,direct,direct,,
te,kept,Usage of Emojis,With Emojis / No Emojis,direct,direct,,
th,kept,Usage of Polite Tone,Polite / Impolite,direct,direct,,
th,kept,Incorporation of Humor,With Humor / Without Humor,direct,direct,,
th,kept,Usage of Sarcasm,With sarcasm / Without sarcasm,direct,direct,,
th,kept,Usage of Metaphors,With metaphor / Without metaphor,direct,direct,,
th,kept,Usage of Offensive Language,Offensive / Non-Offensive,direct,direct,,
th,kept,Positive Sentiment Expression,Positive / Negative,direct,direct,,
th,kept,Usage of Active Voice,Active / Passive,direct,direct,,
th,kept,"Usage of Certain Tone (lack of uncertain words/phrases like 'I think', 'might', 'seems')",Certain / Uncertain,direct,direct,,
th,kept,Usage of Self-Focused Perspective or Words,Self-focused / Inclusive-focused | Self-focused / You-focused | Self-focused / Third-person singular,direct,direct,,
th,kept,Usage of Self-Focused Language,Self-focused / Audience-focused,direct,direct,,
th,kept,Usage of Personal Pronouns,With personal pronouns / Less frequent pronouns,direct,direct,,
th,kept,Usage of Present Tense and Present-Focused Words,Present-focused / Future-focused,direct,direct,,
th,kept,Usage of Present-Focused Tense and Words,Present-focused / Past-focused,direct,direct,,
th,kept,Usage of Words Indicating Affective Processes,Affective processes / Cognitive processes,direct,direct,,
th,kept,Usage of Words Indicating Affective Process,Affective process / Perceptual process,direct,direct,,
th,kept,Usage of Words Indicating Cognitive Processes,Cognitive process / Perceptual process,direct,direct,,
th,kept,Usage of Articles,With articles / Less frequent articles,drop,drop,ART_DROP,Drop article contrast because the language lacks a stable article category comparable to English a/an/the.
th,kept,Fluency in Sentence Construction,Fluent sentence / Disfluent sentence,direct,direct,,
th,kept,Frequent Usage of Function Words,With function words / Less frequent function words,direct,direct,,
th,kept,Frequent Usage of Common Verbs,With common verbs / Less frequent common verbs,direct,direct,,
th,kept,Usage of Pronouns,With pronouns / Less frequent pronouns,direct,direct,,
th,kept,Usage of Prepositions,With prepositions / Less frequent prepositions,direct,direct,,
th,kept,Frequent Usage of Determiners,With determiners / Less frequent determiners,direct,direct,,
th,kept,Usage of Conjunctions,With conjunctions / Less frequent conjunctions,direct,direct,,
th,kept,Usage of Nominalizations,With nominalizations / Without nominalizations,direct,direct,,
th,kept,Usage of Long Words,Long average word length / Short average word length,adapt,drop,WORDLEN_ADAPT,Adapt long-word contrast to long written units or compounds; whitespace word length is unreliable.
th,kept,Usage of Numerical Digits,With digits / Less frequent digits,direct,direct,,
th,kept,Usage of Uppercase Letters,With uppercase letters / Without uppercase letters,drop,drop,CASE_DROP,Drop casing contrast for uncased scripts or scripts where uppercase/lowercase is not a native style dimension.
th,kept,Frequent Usage of Punctuation,With frequent punctuation / Less Frequent punctuation,direct,direct,,
th,kept,Usage of Formal Tone,Formal / Informal,direct,direct,,
th,kept,Complex Sentence Structure,Complex / Simple,direct,direct,,
th,kept,Usage of Contractions,With contractions / Without contractions,direct,direct,,
th,kept,Usage of Numerical Substitution (ex. hello -> h3llo type slang),With number substitution / Without number substitution,adapt,drop,NUMSUB_ADAPT,Adapt to Thai internet/phonetic number substitutions where natural.
th,kept,Usage of Only Lowercase Letters (all lowercase style),All Lower Case / Proper Capitalization,drop,drop,CASE_DROP,Drop casing contrast for uncased scripts or scripts where uppercase/lowercase is not a native style dimension.
th,kept,Usage of Only Uppercase Letters (all uppercase style),All Upper Case / Proper Capitalization,drop,drop,CASE_DROP,Drop casing contrast for uncased scripts or scripts where uppercase/lowercase is not a native style dimension.
th,kept,Presence of Misspelled Words,Sentence With a Few Misspelled Words / Normal Sentence,direct,direct,,
th,kept,Usage of Text Emojis (ex. :-D type emoticons),Text Emojis / No Emojis,direct,direct,,
th,kept,Usage of Emojis,With Emojis / No Emojis,direct,direct,,
tl,kept,Usage of Polite Tone,Polite / Impolite,direct,direct,,
tl,kept,Incorporation of Humor,With Humor / Without Humor,direct,direct,,
tl,kept,Usage of Sarcasm,With sarcasm / Without sarcasm,direct,direct,,
tl,kept,Usage of Metaphors,With metaphor / Without metaphor,direct,direct,,
tl,kept,Usage of Offensive Language,Offensive / Non-Offensive,direct,direct,,
tl,kept,Positive Sentiment Expression,Positive / Negative,direct,direct,,
tl,kept,Usage of Active Voice,Active / Passive,direct,direct,,
tl,kept,"Usage of Certain Tone (lack of uncertain words/phrases like 'I think', 'might', 'seems')",Certain / Uncertain,direct,direct,,
tl,kept,Usage of Self-Focused Perspective or Words,Self-focused / Inclusive-focused | Self-focused / You-focused | Self-focused / Third-person singular,direct,direct,,
tl,kept,Usage of Self-Focused Language,Self-focused / Audience-focused,direct,direct,,
tl,kept,Usage of Personal Pronouns,With personal pronouns / Less frequent pronouns,direct,direct,,
tl,kept,Usage of Present Tense and Present-Focused Words,Present-focused / Future-focused,direct,direct,,
tl,kept,Usage of Present-Focused Tense and Words,Present-focused / Past-focused,direct,direct,,
tl,kept,Usage of Words Indicating Affective Processes,Affective processes / Cognitive processes,direct,direct,,
tl,kept,Usage of Words Indicating Affective Process,Affective process / Perceptual process,direct,direct,,
tl,kept,Usage of Words Indicating Cognitive Processes,Cognitive process / Perceptual process,direct,direct,,
tl,kept,Usage of Articles,With articles / Less frequent articles,direct,direct,,
tl,kept,Fluency in Sentence Construction,Fluent sentence / Disfluent sentence,direct,direct,,
tl,kept,Frequent Usage of Function Words,With function words / Less frequent function words,direct,direct,,
tl,kept,Frequent Usage of Common Verbs,With common verbs / Less frequent common verbs,direct,direct,,
tl,kept,Usage of Pronouns,With pronouns / Less frequent pronouns,direct,direct,,
tl,kept,Usage of Prepositions,With prepositions / Less frequent prepositions,direct,direct,,
tl,kept,Frequent Usage of Determiners,With determiners / Less frequent determiners,direct,direct,,
tl,kept,Usage of Conjunctions,With conjunctions / Less frequent conjunctions,direct,direct,,
tl,kept,Usage of Nominalizations,With nominalizations / Without nominalizations,direct,direct,,
tl,kept,Usage of Long Words,Long average word length / Short average word length,direct,direct,,
tl,kept,Usage of Numerical Digits,With digits / Less frequent digits,direct,direct,,
tl,kept,Usage of Uppercase Letters,With uppercase letters / Without uppercase letters,direct,direct,,
tl,kept,Frequent Usage of Punctuation,With frequent punctuation / Less Frequent punctuation,direct,direct,,
tl,kept,Usage of Formal Tone,Formal / Informal,direct,direct,,
tl,kept,Complex Sentence Structure,Complex / Simple,direct,direct,,
tl,kept,Usage of Contractions,With contractions / Without contractions,direct,direct,,
tl,kept,Usage of Numerical Substitution (ex. hello -> h3llo type slang),With number substitution / Without number substitution,direct,direct,,
tl,kept,Usage of Only Lowercase Letters (all lowercase style),All Lower Case / Proper Capitalization,direct,direct,,
tl,kept,Usage of Only Uppercase Letters (all uppercase style),All Upper Case / Proper Capitalization,direct,direct,,
tl,kept,Presence of Misspelled Words,Sentence With a Few Misspelled Words / Normal Sentence,direct,direct,,
tl,kept,Usage of Text Emojis (ex. :-D type emoticons),Text Emojis / No Emojis,direct,direct,,
tl,kept,Usage of Emojis,With Emojis / No Emojis,direct,direct,,
tr,kept,Usage of Polite Tone,Polite / Impolite,direct,direct,,
tr,kept,Incorporation of Humor,With Humor / Without Humor,direct,direct,,
tr,kept,Usage of Sarcasm,With sarcasm / Without sarcasm,direct,direct,,
tr,kept,Usage of Metaphors,With metaphor / Without metaphor,direct,direct,,
tr,kept,Usage of Offensive Language,Offensive / Non-Offensive,direct,direct,,
tr,kept,Positive Sentiment Expression,Positive / Negative,direct,direct,,
tr,kept,Usage of Active Voice,Active / Passive,direct,direct,,
tr,kept,"Usage of Certain Tone (lack of uncertain words/phrases like 'I think', 'might', 'seems')",Certain / Uncertain,direct,direct,,
tr,kept,Usage of Self-Focused Perspective or Words,Self-focused / Inclusive-focused | Self-focused / You-focused | Self-focused / Third-person singular,direct,direct,,
tr,kept,Usage of Self-Focused Language,Self-focused / Audience-focused,direct,direct,,
tr,kept,Usage of Personal Pronouns,With personal pronouns / Less frequent pronouns,direct,direct,,
tr,kept,Usage of Present Tense and Present-Focused Words,Present-focused / Future-focused,direct,direct,,
tr,kept,Usage of Present-Focused Tense and Words,Present-focused / Past-focused,direct,direct,,
tr,kept,Usage of Words Indicating Affective Processes,Affective processes / Cognitive processes,direct,direct,,
tr,kept,Usage of Words Indicating Affective Process,Affective process / Perceptual process,direct,direct,,
tr,kept,Usage of Words Indicating Cognitive Processes,Cognitive process / Perceptual process,direct,direct,,
tr,kept,Usage of Articles,With articles / Less frequent articles,drop,drop,ART_DROP,Drop article contrast because the language lacks a stable article category comparable to English a/an/the.
tr,kept,Fluency in Sentence Construction,Fluent sentence / Disfluent sentence,direct,direct,,
tr,kept,Frequent Usage of Function Words,With function words / Less frequent function words,direct,direct,,
tr,kept,Frequent Usage of Common Verbs,With common verbs / Less frequent common verbs,direct,direct,,
tr,kept,Usage of Pronouns,With pronouns / Less frequent pronouns,direct,direct,,
tr,kept,Usage of Prepositions,With prepositions / Less frequent prepositions,adapt,drop,PREP_ADAPT,"Adapt preposition frequency to adpositions, postpositions, case suffixes, or case particles used for the same grammatical relations."
tr,kept,Frequent Usage of Determiners,With determiners / Less frequent determiners,direct,direct,,
tr,kept,Usage of Conjunctions,With conjunctions / Less frequent conjunctions,direct,direct,,
tr,kept,Usage of Nominalizations,With nominalizations / Without nominalizations,direct,direct,,
tr,kept,Usage of Long Words,Long average word length / Short average word length,direct,direct,,
tr,kept,Usage of Numerical Digits,With digits / Less frequent digits,direct,direct,,
tr,kept,Usage of Uppercase Letters,With uppercase letters / Without uppercase letters,direct,direct,,
tr,kept,Frequent Usage of Punctuation,With frequent punctuation / Less Frequent punctuation,direct,direct,,
tr,kept,Usage of Formal Tone,Formal / Informal,direct,direct,,
tr,kept,Complex Sentence Structure,Complex / Simple,direct,direct,,
tr,kept,Usage of Contractions,With contractions / Without contractions,direct,direct,,
tr,kept,Usage of Numerical Substitution (ex. hello -> h3llo type slang),With number substitution / Without number substitution,direct,direct,,
tr,kept,Usage of Only Lowercase Letters (all lowercase style),All Lower Case / Proper Capitalization,direct,direct,,
tr,kept,Usage of Only Uppercase Letters (all uppercase style),All Upper Case / Proper Capitalization,direct,direct,,
tr,kept,Presence of Misspelled Words,Sentence With a Few Misspelled Words / Normal Sentence,direct,direct,,
tr,kept,Usage of Text Emojis (ex. :-D type emoticons),Text Emojis / No Emojis,direct,direct,,
tr,kept,Usage of Emojis,With Emojis / No Emojis,direct,direct,,
tt,kept,Usage of Polite Tone,Polite / Impolite,direct,direct,,
tt,kept,Incorporation of Humor,With Humor / Without Humor,direct,direct,,
tt,kept,Usage of Sarcasm,With sarcasm / Without sarcasm,direct,direct,,
tt,kept,Usage of Metaphors,With metaphor / Without metaphor,direct,direct,,
tt,kept,Usage of Offensive Language,Offensive / Non-Offensive,direct,direct,,
tt,kept,Positive Sentiment Expression,Positive / Negative,direct,direct,,
tt,kept,Usage of Active Voice,Active / Passive,direct,direct,,
tt,kept,"Usage of Certain Tone (lack of uncertain words/phrases like 'I think', 'might', 'seems')",Certain / Uncertain,direct,direct,,
tt,kept,Usage of Self-Focused Perspective or Words,Self-focused / Inclusive-focused | Self-focused / You-focused | Self-focused / Third-person singular,direct,direct,,
tt,kept,Usage of Self-Focused Language,Self-focused / Audience-focused,direct,direct,,
tt,kept,Usage of Personal Pronouns,With personal pronouns / Less frequent pronouns,direct,direct,,
tt,kept,Usage of Present Tense and Present-Focused Words,Present-focused / Future-focused,direct,direct,,
tt,kept,Usage of Present-Focused Tense and Words,Present-focused / Past-focused,direct,direct,,
tt,kept,Usage of Words Indicating Affective Processes,Affective processes / Cognitive processes,direct,direct,,
tt,kept,Usage of Words Indicating Affective Process,Affective process / Perceptual process,direct,direct,,
tt,kept,Usage of Words Indicating Cognitive Processes,Cognitive process / Perceptual process,direct,direct,,
tt,kept,Usage of Articles,With articles / Less frequent articles,drop,drop,ART_DROP,Drop article contrast because the language lacks a stable article category comparable to English a/an/the.
tt,kept,Fluency in Sentence Construction,Fluent sentence / Disfluent sentence,direct,direct,,
tt,kept,Frequent Usage of Function Words,With function words / Less frequent function words,direct,direct,,
tt,kept,Frequent Usage of Common Verbs,With common verbs / Less frequent common verbs,direct,direct,,
tt,kept,Usage of Pronouns,With pronouns / Less frequent pronouns,direct,direct,,
tt,kept,Usage of Prepositions,With prepositions / Less frequent prepositions,adapt,drop,PREP_ADAPT,"Adapt preposition frequency to adpositions, postpositions, case suffixes, or case particles used for the same grammatical relations."
tt,kept,Frequent Usage of Determiners,With determiners / Less frequent determiners,direct,direct,,
tt,kept,Usage of Conjunctions,With conjunctions / Less frequent conjunctions,direct,direct,,
tt,kept,Usage of Nominalizations,With nominalizations / Without nominalizations,direct,direct,,
tt,kept,Usage of Long Words,Long average word length / Short average word length,direct,direct,,
tt,kept,Usage of Numerical Digits,With digits / Less frequent digits,direct,direct,,
tt,kept,Usage of Uppercase Letters,With uppercase letters / Without uppercase letters,direct,direct,,
tt,kept,Frequent Usage of Punctuation,With frequent punctuation / Less Frequent punctuation,direct,direct,,
tt,kept,Usage of Formal Tone,Formal / Informal,direct,direct,,
tt,kept,Complex Sentence Structure,Complex / Simple,direct,direct,,
tt,kept,Usage of Contractions,With contractions / Without contractions,direct,direct,,
tt,kept,Usage of Numerical Substitution (ex. hello -> h3llo type slang),With number substitution / Without number substitution,adapt,drop,NUMSUB_ADAPT,Adapt to local Cyrillic or internet number substitutions; keep strict mode conservative.
tt,kept,Usage of Only Lowercase Letters (all lowercase style),All Lower Case / Proper Capitalization,direct,direct,,
tt,kept,Usage of Only Uppercase Letters (all uppercase style),All Upper Case / Proper Capitalization,direct,direct,,
tt,kept,Presence of Misspelled Words,Sentence With a Few Misspelled Words / Normal Sentence,direct,direct,,
tt,kept,Usage of Text Emojis (ex. :-D type emoticons),Text Emojis / No Emojis,direct,direct,,
tt,kept,Usage of Emojis,With Emojis / No Emojis,direct,direct,,
uk,kept,Usage of Polite Tone,Polite / Impolite,direct,direct,,
uk,kept,Incorporation of Humor,With Humor / Without Humor,direct,direct,,
uk,kept,Usage of Sarcasm,With sarcasm / Without sarcasm,direct,direct,,
uk,kept,Usage of Metaphors,With metaphor / Without metaphor,direct,direct,,
uk,kept,Usage of Offensive Language,Offensive / Non-Offensive,direct,direct,,
uk,kept,Positive Sentiment Expression,Positive / Negative,direct,direct,,
uk,kept,Usage of Active Voice,Active / Passive,direct,direct,,
uk,kept,"Usage of Certain Tone (lack of uncertain words/phrases like 'I think', 'might', 'seems')",Certain / Uncertain,direct,direct,,
uk,kept,Usage of Self-Focused Perspective or Words,Self-focused / Inclusive-focused | Self-focused / You-focused | Self-focused / Third-person singular,direct,direct,,
uk,kept,Usage of Self-Focused Language,Self-focused / Audience-focused,direct,direct,,
uk,kept,Usage of Personal Pronouns,With personal pronouns / Less frequent pronouns,direct,direct,,
uk,kept,Usage of Present Tense and Present-Focused Words,Present-focused / Future-focused,direct,direct,,
uk,kept,Usage of Present-Focused Tense and Words,Present-focused / Past-focused,direct,direct,,
uk,kept,Usage of Words Indicating Affective Processes,Affective processes / Cognitive processes,direct,direct,,
uk,kept,Usage of Words Indicating Affective Process,Affective process / Perceptual process,direct,direct,,
uk,kept,Usage of Words Indicating Cognitive Processes,Cognitive process / Perceptual process,direct,direct,,
uk,kept,Usage of Articles,With articles / Less frequent articles,drop,drop,ART_DROP,Drop article contrast because the language lacks a stable article category comparable to English a/an/the.
uk,kept,Fluency in Sentence Construction,Fluent sentence / Disfluent sentence,direct,direct,,
uk,kept,Frequent Usage of Function Words,With function words / Less frequent function words,direct,direct,,
uk,kept,Frequent Usage of Common Verbs,With common verbs / Less frequent common verbs,direct,direct,,
uk,kept,Usage of Pronouns,With pronouns / Less frequent pronouns,direct,direct,,
uk,kept,Usage of Prepositions,With prepositions / Less frequent prepositions,direct,direct,,
uk,kept,Frequent Usage of Determiners,With determiners / Less frequent determiners,direct,direct,,
uk,kept,Usage of Conjunctions,With conjunctions / Less frequent conjunctions,direct,direct,,
uk,kept,Usage of Nominalizations,With nominalizations / Without nominalizations,direct,direct,,
uk,kept,Usage of Long Words,Long average word length / Short average word length,direct,direct,,
uk,kept,Usage of Numerical Digits,With digits / Less frequent digits,direct,direct,,
uk,kept,Usage of Uppercase Letters,With uppercase letters / Without uppercase letters,direct,direct,,
uk,kept,Frequent Usage of Punctuation,With frequent punctuation / Less Frequent punctuation,direct,direct,,
uk,kept,Usage of Formal Tone,Formal / Informal,direct,direct,,
uk,kept,Complex Sentence Structure,Complex / Simple,direct,direct,,
uk,kept,Usage of Contractions,With contractions / Without contractions,direct,direct,,
uk,kept,Usage of Numerical Substitution (ex. hello -> h3llo type slang),With number substitution / Without number substitution,adapt,drop,NUMSUB_ADAPT,Adapt to local Cyrillic or internet number substitutions; keep strict mode conservative.
uk,kept,Usage of Only Lowercase Letters (all lowercase style),All Lower Case / Proper Capitalization,direct,direct,,
uk,kept,Usage of Only Uppercase Letters (all uppercase style),All Upper Case / Proper Capitalization,direct,direct,,
uk,kept,Presence of Misspelled Words,Sentence With a Few Misspelled Words / Normal Sentence,direct,direct,,
uk,kept,Usage of Text Emojis (ex. :-D type emoticons),Text Emojis / No Emojis,direct,direct,,
uk,kept,Usage of Emojis,With Emojis / No Emojis,direct,direct,,
ur,kept,Usage of Polite Tone,Polite / Impolite,direct,direct,,
ur,kept,Incorporation of Humor,With Humor / Without Humor,direct,direct,,
ur,kept,Usage of Sarcasm,With sarcasm / Without sarcasm,direct,direct,,
ur,kept,Usage of Metaphors,With metaphor / Without metaphor,direct,direct,,
ur,kept,Usage of Offensive Language,Offensive / Non-Offensive,direct,direct,,
ur,kept,Positive Sentiment Expression,Positive / Negative,direct,direct,,
ur,kept,Usage of Active Voice,Active / Passive,direct,direct,,
ur,kept,"Usage of Certain Tone (lack of uncertain words/phrases like 'I think', 'might', 'seems')",Certain / Uncertain,direct,direct,,
ur,kept,Usage of Self-Focused Perspective or Words,Self-focused / Inclusive-focused | Self-focused / You-focused | Self-focused / Third-person singular,direct,direct,,
ur,kept,Usage of Self-Focused Language,Self-focused / Audience-focused,direct,direct,,
ur,kept,Usage of Personal Pronouns,With personal pronouns / Less frequent pronouns,direct,direct,,
ur,kept,Usage of Present Tense and Present-Focused Words,Present-focused / Future-focused,direct,direct,,
ur,kept,Usage of Present-Focused Tense and Words,Present-focused / Past-focused,direct,direct,,
ur,kept,Usage of Words Indicating Affective Processes,Affective processes / Cognitive processes,direct,direct,,
ur,kept,Usage of Words Indicating Affective Process,Affective process / Perceptual process,direct,direct,,
ur,kept,Usage of Words Indicating Cognitive Processes,Cognitive process / Perceptual process,direct,direct,,
ur,kept,Usage of Articles,With articles / Less frequent articles,drop,drop,ART_DROP,Drop article contrast because the language lacks a stable article category comparable to English a/an/the.
ur,kept,Fluency in Sentence Construction,Fluent sentence / Disfluent sentence,direct,direct,,
ur,kept,Frequent Usage of Function Words,With function words / Less frequent function words,direct,direct,,
ur,kept,Frequent Usage of Common Verbs,With common verbs / Less frequent common verbs,direct,direct,,
ur,kept,Usage of Pronouns,With pronouns / Less frequent pronouns,direct,direct,,
ur,kept,Usage of Prepositions,With prepositions / Less frequent prepositions,adapt,drop,PREP_ADAPT,"Adapt preposition frequency to adpositions, postpositions, case suffixes, or case particles used for the same grammatical relations."
ur,kept,Frequent Usage of Determiners,With determiners / Less frequent determiners,direct,direct,,
ur,kept,Usage of Conjunctions,With conjunctions / Less frequent conjunctions,direct,direct,,
ur,kept,Usage of Nominalizations,With nominalizations / Without nominalizations,direct,direct,,
ur,kept,Usage of Long Words,Long average word length / Short average word length,direct,direct,,
ur,kept,Usage of Numerical Digits,With digits / Less frequent digits,direct,direct,,
ur,kept,Usage of Uppercase Letters,With uppercase letters / Without uppercase letters,drop,drop,CASE_DROP,Drop casing contrast for uncased scripts or scripts where uppercase/lowercase is not a native style dimension.
ur,kept,Frequent Usage of Punctuation,With frequent punctuation / Less Frequent punctuation,direct,direct,,
ur,kept,Usage of Formal Tone,Formal / Informal,direct,direct,,
ur,kept,Complex Sentence Structure,Complex / Simple,direct,direct,,
ur,kept,Usage of Contractions,With contractions / Without contractions,direct,direct,,
ur,kept,Usage of Numerical Substitution (ex. hello -> h3llo type slang),With number substitution / Without number substitution,drop,drop,NUMSUB_DROP,Drop numerical substitution because a robust local digit-substitution convention was not assumed for this pass.
ur,kept,Usage of Only Lowercase Letters (all lowercase style),All Lower Case / Proper Capitalization,drop,drop,CASE_DROP,Drop casing contrast for uncased scripts or scripts where uppercase/lowercase is not a native style dimension.
ur,kept,Usage of Only Uppercase Letters (all uppercase style),All Upper Case / Proper Capitalization,drop,drop,CASE_DROP,Drop casing contrast for uncased scripts or scripts where uppercase/lowercase is not a native style dimension.
ur,kept,Presence of Misspelled Words,Sentence With a Few Misspelled Words / Normal Sentence,direct,direct,,
ur,kept,Usage of Text Emojis (ex. :-D type emoticons),Text Emojis / No Emojis,direct,direct,,
ur,kept,Usage of Emojis,With Emojis / No Emojis,direct,direct,,
uz,dropped_quality,Usage of Polite Tone,Polite / Impolite,direct,direct,,
uz,dropped_quality,Incorporation of Humor,With Humor / Without Humor,direct,direct,,
uz,dropped_quality,Usage of Sarcasm,With sarcasm / Without sarcasm,direct,direct,,
uz,dropped_quality,Usage of Metaphors,With metaphor / Without metaphor,direct,direct,,
uz,dropped_quality,Usage of Offensive Language,Offensive / Non-Offensive,direct,direct,,
uz,dropped_quality,Positive Sentiment Expression,Positive / Negative,direct,direct,,
uz,dropped_quality,Usage of Active Voice,Active / Passive,direct,direct,,
uz,dropped_quality,"Usage of Certain Tone (lack of uncertain words/phrases like 'I think', 'might', 'seems')",Certain / Uncertain,direct,direct,,
uz,dropped_quality,Usage of Self-Focused Perspective or Words,Self-focused / Inclusive-focused | Self-focused / You-focused | Self-focused / Third-person singular,direct,direct,,
uz,dropped_quality,Usage of Self-Focused Language,Self-focused / Audience-focused,direct,direct,,
uz,dropped_quality,Usage of Personal Pronouns,With personal pronouns / Less frequent pronouns,direct,direct,,
uz,dropped_quality,Usage of Present Tense and Present-Focused Words,Present-focused / Future-focused,direct,direct,,
uz,dropped_quality,Usage of Present-Focused Tense and Words,Present-focused / Past-focused,direct,direct,,
uz,dropped_quality,Usage of Words Indicating Affective Processes,Affective processes / Cognitive processes,direct,direct,,
uz,dropped_quality,Usage of Words Indicating Affective Process,Affective process / Perceptual process,direct,direct,,
uz,dropped_quality,Usage of Words Indicating Cognitive Processes,Cognitive process / Perceptual process,direct,direct,,
uz,dropped_quality,Usage of Articles,With articles / Less frequent articles,drop,drop,ART_DROP,Drop article contrast because the language lacks a stable article category comparable to English a/an/the.
uz,dropped_quality,Fluency in Sentence Construction,Fluent sentence / Disfluent sentence,direct,direct,,
uz,dropped_quality,Frequent Usage of Function Words,With function words / Less frequent function words,direct,direct,,
uz,dropped_quality,Frequent Usage of Common Verbs,With common verbs / Less frequent common verbs,direct,direct,,
uz,dropped_quality,Usage of Pronouns,With pronouns / Less frequent pronouns,direct,direct,,
uz,dropped_quality,Usage of Prepositions,With prepositions / Less frequent prepositions,adapt,drop,PREP_ADAPT,"Adapt preposition frequency to adpositions, postpositions, case suffixes, or case particles used for the same grammatical relations."
uz,dropped_quality,Frequent Usage of Determiners,With determiners / Less frequent determiners,direct,direct,,
uz,dropped_quality,Usage of Conjunctions,With conjunctions / Less frequent conjunctions,direct,direct,,
uz,dropped_quality,Usage of Nominalizations,With nominalizations / Without nominalizations,direct,direct,,
uz,dropped_quality,Usage of Long Words,Long average word length / Short average word length,direct,direct,,
uz,dropped_quality,Usage of Numerical Digits,With digits / Less frequent digits,direct,direct,,
uz,dropped_quality,Usage of Uppercase Letters,With uppercase letters / Without uppercase letters,direct,direct,,
uz,dropped_quality,Frequent Usage of Punctuation,With frequent punctuation / Less Frequent punctuation,direct,direct,,
uz,dropped_quality,Usage of Formal Tone,Formal / Informal,direct,direct,,
uz,dropped_quality,Complex Sentence Structure,Complex / Simple,direct,direct,,
uz,dropped_quality,Usage of Contractions,With contractions / Without contractions,direct,direct,,
uz,dropped_quality,Usage of Numerical Substitution (ex. hello -> h3llo type slang),With number substitution / Without number substitution,direct,direct,,
uz,dropped_quality,Usage of Only Lowercase Letters (all lowercase style),All Lower Case / Proper Capitalization,direct,direct,,
uz,dropped_quality,Usage of Only Uppercase Letters (all uppercase style),All Upper Case / Proper Capitalization,direct,direct,,
uz,dropped_quality,Presence of Misspelled Words,Sentence With a Few Misspelled Words / Normal Sentence,direct,direct,,
uz,dropped_quality,Usage of Text Emojis (ex. :-D type emoticons),Text Emojis / No Emojis,direct,direct,,
uz,dropped_quality,Usage of Emojis,With Emojis / No Emojis,direct,direct,,
vi,kept,Usage of Polite Tone,Polite / Impolite,direct,direct,,
vi,kept,Incorporation of Humor,With Humor / Without Humor,direct,direct,,
vi,kept,Usage of Sarcasm,With sarcasm / Without sarcasm,direct,direct,,
vi,kept,Usage of Metaphors,With metaphor / Without metaphor,direct,direct,,
vi,kept,Usage of Offensive Language,Offensive / Non-Offensive,direct,direct,,
vi,kept,Positive Sentiment Expression,Positive / Negative,direct,direct,,
vi,kept,Usage of Active Voice,Active / Passive,direct,direct,,
vi,kept,"Usage of Certain Tone (lack of uncertain words/phrases like 'I think', 'might', 'seems')",Certain / Uncertain,direct,direct,,
vi,kept,Usage of Self-Focused Perspective or Words,Self-focused / Inclusive-focused | Self-focused / You-focused | Self-focused / Third-person singular,direct,direct,,
vi,kept,Usage of Self-Focused Language,Self-focused / Audience-focused,direct,direct,,
vi,kept,Usage of Personal Pronouns,With personal pronouns / Less frequent pronouns,direct,direct,,
vi,kept,Usage of Present Tense and Present-Focused Words,Present-focused / Future-focused,direct,direct,,
vi,kept,Usage of Present-Focused Tense and Words,Present-focused / Past-focused,direct,direct,,
vi,kept,Usage of Words Indicating Affective Processes,Affective processes / Cognitive processes,direct,direct,,
vi,kept,Usage of Words Indicating Affective Process,Affective process / Perceptual process,direct,direct,,
vi,kept,Usage of Words Indicating Cognitive Processes,Cognitive process / Perceptual process,direct,direct,,
vi,kept,Usage of Articles,With articles / Less frequent articles,drop,drop,ART_DROP,Drop article contrast because the language lacks a stable article category comparable to English a/an/the.
vi,kept,Fluency in Sentence Construction,Fluent sentence / Disfluent sentence,direct,direct,,
vi,kept,Frequent Usage of Function Words,With function words / Less frequent function words,direct,direct,,
vi,kept,Frequent Usage of Common Verbs,With common verbs / Less frequent common verbs,direct,direct,,
vi,kept,Usage of Pronouns,With pronouns / Less frequent pronouns,direct,direct,,
vi,kept,Usage of Prepositions,With prepositions / Less frequent prepositions,direct,direct,,
vi,kept,Frequent Usage of Determiners,With determiners / Less frequent determiners,direct,direct,,
vi,kept,Usage of Conjunctions,With conjunctions / Less frequent conjunctions,direct,direct,,
vi,kept,Usage of Nominalizations,With nominalizations / Without nominalizations,direct,direct,,
vi,kept,Usage of Long Words,Long average word length / Short average word length,adapt,drop,WORDLEN_ADAPT,Adapt long-word contrast to multi-syllable lexical items or phrase length because Vietnamese spaces separate syllables as well as words.
vi,kept,Usage of Numerical Digits,With digits / Less frequent digits,direct,direct,,
vi,kept,Usage of Uppercase Letters,With uppercase letters / Without uppercase letters,direct,direct,,
vi,kept,Frequent Usage of Punctuation,With frequent punctuation / Less Frequent punctuation,direct,direct,,
vi,kept,Usage of Formal Tone,Formal / Informal,direct,direct,,
vi,kept,Complex Sentence Structure,Complex / Simple,direct,direct,,
vi,kept,Usage of Contractions,With contractions / Without contractions,direct,direct,,
vi,kept,Usage of Numerical Substitution (ex. hello -> h3llo type slang),With number substitution / Without number substitution,direct,direct,,
vi,kept,Usage of Only Lowercase Letters (all lowercase style),All Lower Case / Proper Capitalization,direct,direct,,
vi,kept,Usage of Only Uppercase Letters (all uppercase style),All Upper Case / Proper Capitalization,direct,direct,,
vi,kept,Presence of Misspelled Words,Sentence With a Few Misspelled Words / Normal Sentence,direct,direct,,
vi,kept,Usage of Text Emojis (ex. :-D type emoticons),Text Emojis / No Emojis,direct,direct,,
vi,kept,Usage of Emojis,With Emojis / No Emojis,direct,direct,,
zh,kept,Usage of Polite Tone,Polite / Impolite,direct,direct,,
zh,kept,Incorporation of Humor,With Humor / Without Humor,direct,direct,,
zh,kept,Usage of Sarcasm,With sarcasm / Without sarcasm,direct,direct,,
zh,kept,Usage of Metaphors,With metaphor / Without metaphor,direct,direct,,
zh,kept,Usage of Offensive Language,Offensive / Non-Offensive,direct,direct,,
zh,kept,Positive Sentiment Expression,Positive / Negative,direct,direct,,
zh,kept,Usage of Active Voice,Active / Passive,direct,direct,,
zh,kept,"Usage of Certain Tone (lack of uncertain words/phrases like 'I think', 'might', 'seems')",Certain / Uncertain,direct,direct,,
zh,kept,Usage of Self-Focused Perspective or Words,Self-focused / Inclusive-focused | Self-focused / You-focused | Self-focused / Third-person singular,direct,direct,,
zh,kept,Usage of Self-Focused Language,Self-focused / Audience-focused,direct,direct,,
zh,kept,Usage of Personal Pronouns,With personal pronouns / Less frequent pronouns,direct,direct,,
zh,kept,Usage of Present Tense and Present-Focused Words,Present-focused / Future-focused,direct,direct,,
zh,kept,Usage of Present-Focused Tense and Words,Present-focused / Past-focused,direct,direct,,
zh,kept,Usage of Words Indicating Affective Processes,Affective processes / Cognitive processes,direct,direct,,
zh,kept,Usage of Words Indicating Affective Process,Affective process / Perceptual process,direct,direct,,
zh,kept,Usage of Words Indicating Cognitive Processes,Cognitive process / Perceptual process,direct,direct,,
zh,kept,Usage of Articles,With articles / Less frequent articles,drop,drop,ART_DROP,Drop article contrast because the language lacks a stable article category comparable to English a/an/the.
zh,kept,Fluency in Sentence Construction,Fluent sentence / Disfluent sentence,direct,direct,,
zh,kept,Frequent Usage of Function Words,With function words / Less frequent function words,direct,direct,,
zh,kept,Frequent Usage of Common Verbs,With common verbs / Less frequent common verbs,direct,direct,,
zh,kept,Usage of Pronouns,With pronouns / Less frequent pronouns,direct,direct,,
zh,kept,Usage of Prepositions,With prepositions / Less frequent prepositions,direct,direct,,
zh,kept,Frequent Usage of Determiners,With determiners / Less frequent determiners,direct,direct,,
zh,kept,Usage of Conjunctions,With conjunctions / Less frequent conjunctions,direct,direct,,
zh,kept,Usage of Nominalizations,With nominalizations / Without nominalizations,direct,direct,,
zh,kept,Usage of Long Words,Long average word length / Short average word length,adapt,drop,WORDLEN_ADAPT,Adapt long-word contrast to long compounds/character sequences rather than alphabetic word length.
zh,kept,Usage of Numerical Digits,With digits / Less frequent digits,direct,direct,,
zh,kept,Usage of Uppercase Letters,With uppercase letters / Without uppercase letters,drop,drop,CASE_DROP,Drop casing contrast for uncased scripts or scripts where uppercase/lowercase is not a native style dimension.
zh,kept,Frequent Usage of Punctuation,With frequent punctuation / Less Frequent punctuation,direct,direct,,
zh,kept,Usage of Formal Tone,Formal / Informal,direct,direct,,
zh,kept,Complex Sentence Structure,Complex / Simple,direct,direct,,
zh,kept,Usage of Contractions,With contractions / Without contractions,direct,direct,,
zh,kept,Usage of Numerical Substitution (ex. hello -> h3llo type slang),With number substitution / Without number substitution,adapt,drop,NUMSUB_ADAPT,Adapt to Chinese phonetic number substitutions rather than Latin leetspeak.
zh,kept,Usage of Only Lowercase Letters (all lowercase style),All Lower Case / Proper Capitalization,drop,drop,CASE_DROP,Drop casing contrast for uncased scripts or scripts where uppercase/lowercase is not a native style dimension.
zh,kept,Usage of Only Uppercase Letters (all uppercase style),All Upper Case / Proper Capitalization,drop,drop,CASE_DROP,Drop casing contrast for uncased scripts or scripts where uppercase/lowercase is not a native style dimension.
zh,kept,Presence of Misspelled Words,Sentence With a Few Misspelled Words / Normal Sentence,direct,direct,,
zh,kept,Usage of Text Emojis (ex. :-D type emoticons),Text Emojis / No Emojis,direct,direct,,
zh,kept,Usage of Emojis,With Emojis / No Emojis,direct,direct,,
